Name,Date,Message
wtf_krishU,2025-09-08 05:19:18,Https://preview.redd.it/phhh88r5lvnf1.png?width=1080&amp;format=png&amp;auto=webp&amp;s=27a2829feca17859f700152971817e33c8daecb2
atebhabhi,2025-09-08 07:50:57,Https://preview.redd.it/1cumk0q7cwnf1.jpeg?width=1080&amp;format=pjpg&amp;auto=webp&amp;s=999b466191c29ca5047336c27a29c9cd3d2a17f0
MudittYadav,2025-09-08 05:27:06,"Https://preview.redd.it/quq6f6zjmvnf1.jpeg?width=1080&amp;format=pjpg&amp;auto=webp&amp;s=62c3429952c8346cc71d0205e3a90f53b6cfff10

ğŸ˜”"
darkwho_10,2025-09-08 05:41:50,Aaj reddit pe breakup ke posts zyada dekh liye ğŸ’€ğŸ¥
yash_hates_,2025-09-08 05:43:13,Lol
asss-tha,2025-09-08 07:18:54,Kal jinki shaadi  hui thi aaj unka talaaq hogya xd
atebhabhi,2025-09-08 07:51:51,Https://preview.redd.it/to0pb6pdcwnf1.jpeg?width=1080&amp;format=pjpg&amp;auto=webp&amp;s=2b305b6e0dc4927ba52235c161ca31212d521a86
Immediate-Cat-7225,2025-09-08 06:58:13,Best advice ye sab mai mat paado breakup ke wakt bahot bura lagta hai....ğŸ’”
innis_fr,2025-09-08 05:12:49,"Iâ€™m saving up a lot of stories (genuine) and relationship post in draft 

when people stop posting relationship post cus of hate 

iâ€™ll post mine 

ghar ghar jalana"
mochapokaa,2025-09-08 05:16:37,"Mat post karna warnaağŸ¤¬ğŸ¤¬honey paaji aajayengeğŸ‘ˆğŸ½ğŸ˜ˆ

https://preview.redd.it/gtm4d6hmkvnf1.jpeg?width=634&amp;format=pjpg&amp;auto=webp&amp;s=98a0d9afd9c9bb8bb2c90dcefcb2ef60714273cb"
innis_fr,2025-09-08 05:17:33,Honey paaji ke saath hi to stories banayi hai maine ğŸ¤™ğŸ»ğŸ‘…
mochapokaa,2025-09-08 05:18:59,"Fir toh karde &gt;,&lt; i cant wait to read"
Pokemon_master281836,2025-09-08 05:28:28,Https://preview.redd.it/obdpx7tsmvnf1.jpeg?width=216&amp;format=pjpg&amp;auto=webp&amp;s=413452b60a94a2e5c23bfb8c782e1f684c40d94f
innis_fr,2025-09-08 05:31:18,You so rude imma cry ğŸª¦
yash_hates_,2025-09-08 05:13:45,Ghar ghar jalana ğŸ¥€ kisi ka ghar basalo bhi ğŸ¥²
innis_fr,2025-09-08 05:16:53,Nah
Dark_Y_vortex,2025-09-08 05:18:21,"Https://preview.redd.it/k669ndqzkvnf1.jpeg?width=1080&amp;format=pjpg&amp;auto=webp&amp;s=2bb9d1b93af9121453e092442eb22873b3b4fa5c

can't find smth more relatable"
NeitherEnergy2663,2025-09-08 05:20:42,Https://preview.redd.it/2z4rfvvelvnf1.jpeg?width=1170&amp;format=pjpg&amp;auto=webp&amp;s=305f0fa633d69c0a1c198ce19654a1c257488396
CreativeMuscle8455,2025-09-08 05:25:09,Goated dexter reference
tranquilaa_,2025-09-08 05:21:26,Khali chori patata hai
tsainttuff,2025-09-08 05:24:21,Hamara kuch nahi ho raha mittr ğŸ˜Š
yash_hates_,2025-09-08 05:25:29,Hoga bhai ğŸ¥²
monsoonbetter,2025-09-08 05:24:25,Chora pataale laadle ğŸ¥€
yash_hates_,2025-09-08 05:25:43,Last option ğŸ˜
monsoonbetter,2025-09-08 05:26:42,Ldhke jinko baat krni aati h wo lejaate h bhai sundriya ğŸ¥€ğŸ¤™
Fuzzy_Respect_9589,2025-09-08 05:27:33,Duniya wale hume na chain se jeene degi na chain se marne degi
Lakshya_19_,2025-09-08 05:28:30,Maine toh saans lena hi band kr diya ğŸ˜”
yash_hates_,2025-09-08 05:29:09,ğŸ¥€
Pokemon_master281836,2025-09-08 05:28:42,Https://preview.redd.it/1tiqgm9umvnf1.jpeg?width=320&amp;format=pjpg&amp;auto=webp&amp;s=ea626a869296a2ea52a573a1b9a054102d59b455
Abject-Payment8081,2025-09-08 05:28:51,Https://preview.redd.it/a42h052vmvnf1.png?width=915&amp;format=png&amp;auto=webp&amp;s=92d2360a6ca147f42aa828d8dfdf2a5b29fbc424
undeterminedemigod,2025-09-08 05:34:20,"Https://preview.redd.it/3goofvfunvnf1.jpeg?width=734&amp;format=pjpg&amp;auto=webp&amp;s=693e097c957c6f66c155f390a3dfbc6a962f59ca

aapke liye solution"
Famous-Return-6037,2025-09-08 05:34:34,"Https://preview.redd.it/dplblcyvnvnf1.jpeg?width=677&amp;format=pjpg&amp;auto=webp&amp;s=41a967814404476d939f896acf67b1acd4b4859c

my reaction to every relationship related posts"
always_flaneur,2025-09-08 05:36:14,Abey relationship to normal hai first kiss ka post jyada hai
yash_hates_,2025-09-08 05:42:56,Fr roz bkl new milte
whatdoieventell,2025-09-08 05:44:31,"Jokes aside, peer pressure mein aake relationship mein aa bhi gaye toh kya faayeda? woh pyaar thodi hai :)"
yash_hates_,2025-09-08 06:28:41,Peer pressure nhi lekin maan bhi hota hai ğŸ˜
whatdoieventell,2025-09-08 06:58:16,"Haan toh tumhara mann relationship ka hai, kisi ladki se pyaar nahi hai tumhe, dono mein difference hai. former situations mein insaan apne aap ko barbaad kar leta hai."
coolcap07,2025-09-08 05:47:25,Matt kr laala
Eastern-boy-179,2025-09-08 05:48:03,Ha yarr mera din kab aayega
Seven_Eyes07,2025-09-08 05:51:54,"Https://preview.redd.it/2oo1p07zqvnf1.jpeg?width=720&amp;format=pjpg&amp;auto=webp&amp;s=0870e25887c9074d5a3718bf6d67cf743fe8ea01

ğŸ¥²"
blendinkrita,2025-09-08 06:16:54,\+1
tall-mami08,2025-09-08 06:42:05,Bhai mujhe toh post hi ni daalne dete
xadxtya07,2025-09-08 06:51:25,"Take it from someone that's been in a relationship (wasn't that long) and had sex too (hookup), it's overrated no need to be jealous"
idkwutmenameis,2025-09-08 07:04:19,Dating aapse try kar
HollyShiiJigglypuff,2025-09-08 07:19:01,Relationship welationship kuch naah hove mittar sab myth hğŸ¥€
PacifistDoom,2025-09-08 07:25:51,"Https://preview.redd.it/ovi7hxbq7wnf1.jpeg?width=720&amp;format=pjpg&amp;auto=webp&amp;s=e289c0aa0ba13a773c504ceef75a33df0889a8ec

modi banwayega gfğŸ™ğŸ¥€"
zxenderr,2025-09-08 07:48:59,Apna kuch nhi ho skta
AppearanceThese6846,2025-09-08 08:41:23,Https://preview.redd.it/gee1gvr7lwnf1.jpeg?width=1170&amp;format=pjpg&amp;auto=webp&amp;s=1ffb92c98c729092b6fd3744935d4ce6d30850ff
Tough_Fig6898,2025-09-08 08:52:09,ğŸ˜‚
Badmosh_4,2025-09-08 05:11:35,+1
