Username,Message,Time,ParentID
@HollywoodHindiExplainerHub,"Cross breeding? arre yaar, insaan mein to pyaar hota hai, dna mixing factory thodi hai!",2025-09-08 12:04:59+00:00,
@HollywoodHindiExplainerHub,Human cross breeding karenge? lagta hai science fiction zyada dekh li hai is bande ne!<br>ğŸ¤£ğŸ¤£,2025-09-08 12:01:09+00:00,
@SandeepSharma-lm3gu,"Bhai punjab jao, zameen par aapki zarurat hai, volunteers and army ka hausla badhao",2025-09-08 11:50:09+00:00,
@_bvn_sorts,Khana khane ke liye nahi sirf makhhiya udane ke liye heğŸ˜‚ğŸ˜‚ğŸ˜‚,2025-09-08 11:42:43+00:00,
@mehaksidhu5318,"Hello unfiltered, love your work!!! keep uploading keep going. had a small suggestion. in many videos, samdish says tu tera with a male person to keep it friendly and casual but the person in response is always saying sir ji, can samdish force the person to call him by his name even if it doesn&#39;t come to that person naturally? <br><br>since the episodes are so much about showing the lesser known india, it will be nicer if these things also show that it&#39;s not the usual sir ji conversation with the other person saying tu, tera, etc.",2025-09-08 11:29:21+00:00,
@ANTICHRIS619,"Yar bathroom saaf karna koi kharab baat thodi hai, me khud apna bathroom saaf krta hu.",2025-09-08 11:28:02+00:00,
@muhammadzahidkhanpathan7010,"Bhai ye khaake khatm krdo na, makhiyan nhi udaani pdegi fir.",2025-09-08 11:21:35+00:00,
@deepaleeshriyadubey5671,"<a href=""https://www.youtube.com/watch?v=jw-hsx2zvfw&amp;t=764"">12:44</a> &#39;à¤¸à¤¸à¥à¤°à¤¾à¤² à¤µà¤¾à¤²à¥‡ à¤²à¤¡à¤¼à¤•à¥€ à¤•à¥‹ à¤…à¤²à¤— à¤•à¤° à¤¦à¥‡à¤¤à¥‡ à¤¹à¥ˆà¤‚...à¤‡à¤¸à¤²à¤¿à¤ à¤²à¤¡à¤¼à¤•à¥€ à¤•à¥‹ à¤œà¤®à¥€à¤¨ à¤œà¤¼à¤°à¥‚à¤° à¤¦à¥‡à¤‚à¤—à¥‡à¤‚à¥¤&#39; à¤†à¤ªà¤•à¥€ à¤¸à¥‹à¤š à¤•à¥‹ à¤¸à¤²à¤¾à¤®à¥¤ à¤¸à¤° à¤†à¤ª à¤­à¤²à¥‡ à¤¹à¥€ à¤¨à¤¾à¤²à¥€ à¤¸à¤¾à¤« à¤•à¤°à¤¤à¥‡ à¤¹à¥ˆà¤‚ à¤ªà¤° à¤°à¤¾à¤œà¤ªà¥‚à¤¤à¥€ à¤Šà¤‚à¤šà¤¾à¤ˆ à¤†à¤ªà¤•à¥€ à¤¸à¥‹à¤š à¤®à¥‡à¤‚ à¤à¤²à¤•à¤¤à¥€ à¤¹à¥ˆà¥¤ à¤•à¥‹à¤Ÿà¤¿-à¤•à¥‹à¤Ÿà¤¿ à¤¨à¤®à¤¨à¥¤ ğŸ™ğŸ‘ŒğŸ‘âœŒï¸",2025-09-08 11:20:24+00:00,
@shabansayyed5637,Aram se baat karlo na isko hatake,2025-09-08 11:17:27+00:00,
@shabansayyed5637,Khana nhi khare to hatado na bhai,2025-09-08 11:17:10+00:00,
@10B_30_Rishi,"Honest and great man . <br>faar better than those politician who make crores by looting chori . <br>and those who discriminate and take votes on caste , religion,and and corruption.",2025-09-08 11:05:25+00:00,
@AyushSingh-AyushSingh,Mast insaan ye bhaiya ye to...,2025-09-08 11:01:09+00:00,
@BonsaiLearner,Smarter than his age,2025-09-08 10:58:03+00:00,
@fugaziishime,I love the fact that samdish only interrupts politicians and actors,2025-09-08 10:48:01+00:00,
@ro0fficiaI,"<a href=""https://www.youtube.com/watch?v=jw-hsx2zvfw&amp;t=853"">14:13</a> chup chap ke toh phir ga** ğŸ’€",2025-09-08 10:45:29+00:00,
@jatin.patodia,For being empathetic you don&#39;t need to be educated â¤,2025-09-08 10:40:37+00:00,
@pawanmengade7239,This is exactly the thought process and mentality of a common man... he&#39;s way more matured about the society than out leaders and intellectuals,2025-09-08 10:33:23+00:00,
@RapshodicPug,We the people of india,2025-09-08 10:31:28+00:00,
@notuser43,Itni khulke baat me apne gharwalo se bhi nhi karta,2025-09-08 10:31:14+00:00,
@Swatantra-i1j,Very nice samdish ! you are one of a kind! appreciation!,2025-09-08 10:30:42+00:00,
@manvirdayal6649,Real journalismğŸ™ŒğŸ¼,2025-09-08 10:28:56+00:00,
@visheshsethiya7032,"1 lac urban company me and savings humse 100 guna jyaada hogi.  main engineer hu , 30k rent deta, koi khet nahi  mere paas, koi bachat nahiğŸ˜¢",2025-09-08 10:21:07+00:00,
@gouravkhurana1741,â¤,2025-09-08 10:20:53+00:00,
@simranjudge8959,Bro cover the punjab floods!!,2025-09-08 10:19:10+00:00,
@CloudSpaceG-x4y,Cross breeding ğŸ˜‚ğŸ˜‚,2025-09-08 10:16:57+00:00,
@Nayankumar-uo9xy,Yaar woh khaa lete ğŸ˜‚ğŸ˜‚ pankha mare jaa rahe hoğŸ˜…ğŸ˜…,2025-09-08 10:16:13+00:00,
@Swatantra-i1j,"à¤…à¤°à¥‡ à¤¬à¤¾à¤¬à¤¾  à¤«à¤¼à¥‚à¤² à¤¨à¤¹à¥€à¤‚ à¤«à¥‚à¤², à¤«à¥‚à¤², à¤«à¥‚...........à¤²!!!!ğŸ˜Š",2025-09-08 10:12:12+00:00,
@schoolove,He is a real person ğŸ§,2025-09-08 10:09:02+00:00,
@madhurdixitt,This man is effortlessly way ahead than most urbans..,2025-09-08 10:08:55+00:00,
@PankajTamtaOfficial,"à¤¶à¤¾à¤®à¤¦à¥€à¤¶ à¤œà¥€ à¤‡à¤¤à¤¨à¤¾ à¤…à¤šà¥à¤›à¤¾ à¤µà¥€à¤¡à¤¿à¤¯à¥‹ à¤¬à¤¨à¤¾à¤¯à¤¾ à¤”à¤° à¤†à¤ª à¤‡à¤¤à¤¨à¥‡ à¤¬à¤¡à¤¼à¥‡ à¤†à¤¦à¤®à¥€, à¤²à¥‡à¤•à¤¿à¤¨ à¤¤à¥‚ à¤¤à¥‚ à¤•à¤°à¤•à¥‡ à¤¬à¤¾à¤¤ à¤•à¤°à¤¨à¤¾ à¤†à¤ªà¤•à¤¾ à¤…à¤šà¥à¤›à¤¾ à¤¨à¤¹à¥€à¤‚ à¤²à¤—à¤¾à¥¤ à¤…à¤ªà¤¨à¥‡ à¤¬à¤¡à¤¼à¥‡ à¤¬à¤¡à¤¼à¥‡ à¤²à¥‹à¤—à¥‹à¤‚ à¤•à¤¾ à¤‡à¤‚à¤Ÿà¤°à¤µà¥à¤¯à¥‚ à¤•à¤¿à¤ à¤¹à¥ˆ, à¤²à¥‡à¤•à¤¿à¤¨ à¤•à¤¿à¤¸à¥€ à¤¸à¥‡ à¤¤à¥‚ à¤•à¤°à¤•à¥‡ à¤¬à¤¾à¤¤ à¤¨à¤¹à¥€à¤‚ à¤•à¥€à¥¤ à¤¤à¥‚ à¤¤à¥‚ à¤•à¥€ à¤­à¤¾à¤·à¤¾ à¤¸à¥‡ à¤¸à¤¾à¤« à¤²à¤— à¤°à¤¹à¤¾ à¤¹à¥ˆ à¤†à¤ª à¤•à¤¿à¤¸à¥€ à¤—à¤°à¥€à¤¬ à¤•à¤¾ à¤‡à¤‚à¤Ÿà¤°à¤µà¥à¤¯à¥‚ à¤•à¤° à¤°à¤¹à¥‡ à¤¹à¥‹à¥¤ à¤•à¤® à¤¸à¥‡ à¤•à¤® à¤¤à¥à¤® à¤•à¤°à¤•à¥‡ à¤¹à¥€ à¤¬à¤¾à¤¤ à¤•à¤° à¤²à¥‡à¤¤à¥‡à¥¤",2025-09-08 10:03:05+00:00,
@alkasharma809,"Blessings to both the boy and sam <a href=""http://disha.one/"">disha.one</a> needs feelings and courage to show such things.again blessings to sam disha for reaching to a common manâ¤",2025-09-08 09:41:54+00:00,
@RishabhKumar-f9x,â¤â¤,2025-09-08 09:39:58+00:00,
@GauravPal-m9m,à¤¯à¤¾à¤° à¤¬à¤‚à¤¦à¥‡ à¤•à¥€ à¤¸à¥‹à¤š à¤…à¤²à¤— à¤¸à¥à¤¤à¤° à¤ªà¤° à¤¹à¥ˆ à¤°à¤¾à¤¹à¥€ à¤¬à¤¾à¤¤ à¤®à¤¹à¤¿à¤²à¤¾ à¤•à¤¾ à¤ªà¤¹à¤²à¤¾ à¤¬à¤‚à¤¦à¤¾ à¤¸à¤®à¥à¤®à¤¾à¤¨ à¤•à¤°à¤¤à¤¾ à¤¹à¥ˆ à¤®à¤¹à¤¿à¤²à¤¾à¤“à¤‚ à¤•à¥€ à¤ªà¤° à¤­à¤¾à¤ˆ à¤®à¥‡à¤°à¤¾ à¤®à¤¾à¤¨à¤¨à¤¾ à¤¹à¥ˆ à¤•à¤¿ à¤†à¤ª à¤…à¤ªà¤¨à¥€ à¤¬à¤šà¥à¤šà¥€ à¤•à¥‹ à¤¸à¤¿à¤°à¥à¤« à¤¶à¤¿à¤•à¥à¤·à¤¾ à¤¦à¥‹ à¤¯à¤¾ à¤µà¥‹ à¤¸à¤¬ à¤†à¤ª à¤•à¤° à¤²à¥‡à¤‚à¤—à¥€ à¤µà¥‡à¤²à¥à¤¡à¤¨ à¤­à¤¾à¤ˆ à¤¬à¤§à¤¾à¤ˆ à¤¹à¥‹ à¤†à¤ª à¤¬à¤¹à¥à¤¤ à¤œà¥à¤¯à¤¾à¤¦à¤¾ à¤ªà¥à¤¯à¤¾à¤° à¤•à¤°à¤¤à¥‡ à¤¹à¥ˆà¤‚ apni family koâ¤,2025-09-08 09:32:41+00:00,
@ankitmishra55773,Indians want false izzat...a hardworking gig worker has a better future than a grade b mba...haat ka kaam is the future ..issue is indians want govt jobs...kaam karne walo ke liye kaam ki kami nahi hai,2025-09-08 09:12:45+00:00,
@RISING_AAMIR,Uc ka ipo aarha he bhaiyyağŸ˜œ,2025-09-08 09:11:13+00:00,
@himanshudasauni,Craaazy guy. inspiring maxxx lets gooo!!,2025-09-08 09:03:04+00:00,
@amitkumar1989,This guy is a real motivational speaker,2025-09-08 08:56:39+00:00,
@recipesandsongs8050,I hope the higher caste people dont come for him,2025-09-08 08:45:17+00:00,
@lokendersingh5056,"Jitne log comment kar rahe hain wo he jaatiwadi log hain, same kaam jab valmiki karta hai to usko bolte hai neech jaati ka humare saath baithega, mandir nahi jaayega aur jab ke thakur same kaam kar rha hai to koi kaam chota bda nahi hota<br>waah kya dogla pan hai",2025-09-08 08:30:20+00:00,
@khelakhatamcreations5974,Bina bole hi urban company ke liye video bana di wah samdeesh bhai...,2025-09-08 08:27:55+00:00,
@shrutipatil716,Best ğŸ‘ğŸ‘ğŸ‘,2025-09-08 08:26:12+00:00,
@lokendersingh5056,"Banda bhut sahi hai, positive hai bhut....lekin jaatiwadi logon dekh lo rajput thakur toilet clean kar rha hai urban company main. kma rha hai apni family chla rha hai. jaatiwad chodo insaaniyat seekho.",2025-09-08 08:25:02+00:00,
@AnandKumar1705,Gazab bhai,2025-09-08 08:24:48+00:00,
@shaikhsameerahmed1961,I don&#39;t why but maine ek chiz observe ki hai... jab bhi samdhish kisi gaaon ke bande se baat karte hai.. and agar wo banda aur bandi une unse chota lagta hai wo tu tadak se baat karte hai...<br>i don&#39;t know why this is necessary...<br>tum bhi istemal kar sakte hai...<br>tu kahna thoda odd lagta hai....<br>i know there is no malice in his heart.. but still...,2025-09-08 08:24:02+00:00,
@bhatarif2437,"â†³ I think he does this deliberately, because this is how we talk with our friends generally <br>bhai tu kya kar raha hai, tu kab aayega etc",2025-09-08 11:31:13+00:00,@shaikhsameerahmed1961
@bhatarif2437,"â†³ I think he does this deliberately, because this is how we talk with our friends generally <br>bhai tu kya kar raha hai, tu kab aayega etc",2025-09-08 11:31:13+00:00,@shaikhsameerahmed1961
@Sanyasi05,"Ye rajput hai lekin in logo ka haal dekho fir left liberal wanii komi ,rahul gandu general ko gaali hi denge",2025-09-08 08:20:55+00:00,
@MOTOBoy-m9x,"Love you sir,<br>u r doing aswome",2025-09-08 08:19:04+00:00,
@Santoshkumarvlogs-dm2pk,Maza aa gaya boss ğŸ«¡,2025-09-08 08:14:16+00:00,
@vivekreddy8682,Ladkiyan hoti hi ladaku bhai ..... gents zyada ungli nshi karte ğŸ˜‚,2025-09-08 08:14:01+00:00,
@newdon0007,Samdhish bhai : &quot;tu&quot; and &quot;aap&quot; wala difference aapme bhi hai?? sahi h bhai!!ğŸ¤¦ğŸ¤¦,2025-09-08 08:10:47+00:00,
@riyaazkhan7,Maza agaya interview dekh kar bohot intelligent banda he ğŸ˜€â¤,2025-09-08 07:59:03+00:00,
@main_aham,Ye ladies waale point pe reel kaatiye.. sir.,2025-09-08 07:55:39+00:00,
@trishul6321,Kya conversation hai ğŸ˜Š,2025-09-08 07:53:49+00:00,
@Gravixor,"<a href=""https://www.youtube.com/watch?v=jw-hsx2zvfw&amp;t=287"">4:47</a> arre bhai itne makhkhi kyo hai",2025-09-08 07:52:47+00:00,
@akashmishra9331,This is real indian youth. â¤,2025-09-08 07:52:02+00:00,
@AgAnTuK_1,à¤¯à¤¹ à¤¹à¥à¤ˆ à¤¨à¤¾ à¤¬à¤¾à¤¤ ğŸ‘ŒğŸ» à¤”à¤° à¤²à¤¾à¤“ à¤¬à¥‡..,2025-09-08 07:44:26+00:00,
@kaab9827,A sanatani sanghi will say- &quot;he earns 1.5 lakh...he is not jobless...no reservation for him or his kids even though he is doing the job since his caste is not socially acceptable in a hindu society...he is a man of middle class in modi&#39;s india&quot;,2025-09-08 07:42:31+00:00,
@amanbhaskar_18,"<a href=""https://www.youtube.com/watch?v=jw-hsx2zvfw&amp;t=1005"">16:45</a> kya baat boli h bhai ne â¤",2025-09-08 07:34:21+00:00,
@avi13081,Adorable confidence reflection in this guy! kiddos to the attitude towards the world ! â¤,2025-09-08 07:33:41+00:00,
@amanbhaskar_18,"<a href=""https://www.youtube.com/watch?v=jw-hsx2zvfw&amp;t=1303"">21:43</a> kya gaaya h â¤",2025-09-08 07:33:28+00:00,
@songssongs1595,Mind blowing â¤â¤ğŸ•‰ï¸ğŸ•‰ï¸ğŸ™ğŸ™ğŸ™ğŸ™,2025-09-08 07:32:14+00:00,
@informationpill5548,Nice guerilla marketing by urban company. unfiltered by samdish chalta rahe uske liye beech beech mein aise â€œgigsâ€ bhi zaruri hi hain.,2025-09-08 07:30:35+00:00,
@rahimqureshi4658,â¤â¤â¤,2025-09-08 07:30:34+00:00,
@amanbhaskar_18,"<a href=""https://www.youtube.com/watch?v=jw-hsx2zvfw&amp;t=763"">12:43</a> waah â¤â¤â¤",2025-09-08 07:23:15+00:00,
@akhileshiyansfanclub6757,Samdish bhai makhkhi aapko disturatct krr rhi hai pura dhyan bar bar vhi ja raha hai,2025-09-08 07:21:35+00:00,
@BeginnerTrader-x20,"<a href=""https://www.youtube.com/watch?v=jw-hsx2zvfw&amp;t=15"">0:15</a> , ye kya khada hai ğŸ˜‚ğŸ˜‚ğŸ˜‚",2025-09-08 07:21:19+00:00,
@skpatel1155,Hbti engineering college hai.. mai padha hua vaha se. agrejo ke jamane kaa college hai,2025-09-08 07:19:02+00:00,
@ManendraSaket-p2u,A hua interview  yarrâ¤ 1no.,2025-09-08 07:14:26+00:00,
@ArpitaGaut,Beautifulâ¤ï¸,2025-09-08 07:10:50+00:00,
@pramodchoudhary3930,Samdish bhai please ek baar nitish kumar ji ka interview le lo ğŸ˜‚ğŸ˜‚ğŸ˜‚ğŸ˜‚ğŸ˜‚ğŸ˜‚ğŸ˜‚ğŸ¤£ğŸ¤£ğŸ¤£,2025-09-08 07:01:06+00:00,
@HumanFirst001,He&#39;s r8... wom@n can be more brutal and insulting ğŸ˜¢ğŸ˜¢ğŸ˜¢,2025-09-08 06:58:53+00:00,
@bhanutripathi4055,&quot;perfect days&quot;!,2025-09-08 06:53:04+00:00,
@HumanFirst001,He looks like a young rajpal yadav ğŸ˜®,2025-09-08 06:52:54+00:00,
@lovewithcomputer3548,â¤â¤â¤,2025-09-08 06:50:17+00:00,
@anandprakash46,"Sir, come sometime, a place where people don&#39;t want to study but to have a lazylife and life live by government rations and if anyone go outside, the people of village pull them down.  its my home town in madhya pradesh",2025-09-08 06:50:11+00:00,
@satishroy33,Networking walo sun lo,2025-09-08 06:46:06+00:00,
@sanjuborafitness,He&#39;s telling truth indian ladies ke andar ego bhut hota h sochti h kharid hi liya kisi ko ğŸ˜…ğŸ¤£,2025-09-08 06:41:39+00:00,
@upscmaker6468,Samdish yrr aap bahot acha kaam krte hai lekin aap apna baat krne ka tarika sudhare mai jb bhi aap kisi ka  interview dekhta hu jb bhi aap kisi neta ka interview lete hai vha aapke baat krne mai aap batae apne esa kha esa kyu kiya apne es trh se baat hoti hai l1zdekin jb bhi aap kisi gao mai jate hai vha pe kisi ka interview lete hai to kai bari shyd aapko hi na pta chalta ho lekin aap unse tu bta tu kya kr skta hai tune esa kya kr diya es trh se aap tu tu krke baat krte hai jo ki acha nhi lgta,2025-09-08 06:37:16+00:00,
@HarshExposes,How is this guy speaking this kinda english !!,2025-09-08 06:34:04+00:00,
@VipulDhankhar-ii2nw,Cross breeding nhi hotiğŸ’€,2025-09-08 06:31:10+00:00,
@Manob__Human,Class difference :<br>samdish: tu tadak<br>jitendra: aap aap,2025-09-08 06:24:35+00:00,
@AbishekAbraham-d4v,"<a href=""https://www.youtube.com/watch?v=jw-hsx2zvfw&amp;t=277"">4:37</a> he already mentioned that both had noticed that cleaning was required. the difference he mentioned was about the way of talking to a cleaner.",2025-09-08 06:24:16+00:00,
@Gulshanverma-x7f,Aap urban company ke ipo ka pramotion kar rahe ho kya?ğŸ˜…,2025-09-08 06:24:05+00:00,
@rohitdhyani9010,â¤,2025-09-08 06:23:12+00:00,
@Manob__Human,Cross breeding nahi hai wnhaa pe ğŸ˜†ğŸ˜†ğŸ˜†,2025-09-08 06:22:08+00:00,
@Himanshujikijayho,Bhaiya ye video to meri feed me aa hi nhi rhi search krne pe aa rhi h,2025-09-08 06:17:22+00:00,
@vintoos,Agree bhai ....,2025-09-08 06:14:54+00:00,
@mustafaahmed6844,"<a href=""https://www.youtube.com/watch?v=jw-hsx2zvfw&amp;t=948"">15:48</a> yaar yeh â€œphir phirâ€ had me.",2025-09-08 06:11:14+00:00,
@Maina1962,Intelligent guy he is!,2025-09-08 06:08:08+00:00,
@saurabh7133-r4l,This guy is so so mature ğŸ˜®ğŸ˜®ğŸ‘ğŸ‘ğŸ‘ğŸ‘ğŸ‘,2025-09-08 05:57:59+00:00,
@parthraghuwanshi2980,Ladies feel like they are your servant khrid liya hai,2025-09-08 05:51:05+00:00,
@tubeuandy,"One of the best episode. he was so mature, down to earth and smart then urban boys",2025-09-08 05:51:03+00:00,
@shobharawat5705,Superb,2025-09-08 05:48:37+00:00,
@rachelsupermanuel,"Loved it, thanks samdish &amp; team â¤",2025-09-08 05:46:16+00:00,
@VIKRANTSINGH1991,Samdish à¤­à¤¾à¤ˆ: à¤µà¤¾à¤¹ !,2025-09-08 05:43:55+00:00,
@akhilmane2132,Very inspiring! the point of getting emotional/ empathetic should be from both the ends. if someone is providing service and at the other end who is receiving it both are almost similar gig worker on their different worlds of one is swamped with emis and other with chasing another job! pov of a customer can/should be celebrated in the same spirit! ğŸ¤,2025-09-08 05:42:37+00:00,
@KamleshKumar-m5y1t,"Hi samdish, i want to reach out to your team regarding a kid named aditya from your ep 16 in bharat ek khoj. please let me know if your team can help me to make sure aditya is getting the right education to make a difference. i have also posted a detailed comment on that video.",2025-09-08 05:39:07+00:00,
@lovepreetdhillon7326,Bro you should check out punjab floods!!!,2025-09-08 05:38:59+00:00,
@Subhashho,"Network marketing content  <a href=""https://www.youtube.com/watch?v=jw-hsx2zvfw&amp;t=402"">6:42</a> <a href=""https://www.youtube.com/watch?v=jw-hsx2zvfw&amp;t=540"">9:00</a>",2025-09-08 05:10:31+00:00,
@iamabhaykaran,Good,2025-09-08 05:08:33+00:00,
@manasm2721,Amazing â€¦ inspiringâ€¦ hats off. india2 rising ! ğŸ«¡,2025-09-08 05:08:18+00:00,
@ColorfulRoads,"Yaar samdis suno, sabko dikh gaya makkhiyan hain baar baar camere ka focus wahan karne ki jarurat nahi hai, sabko pata hai &#39;wo gareeb hai aur tum wahan bethe ho&#39;. <br>dusri cheez ye jisse tum hawa kar rahe ho usko beejna kehte hain, ye inki ghar ki auraton ne hath se banaya hai, uske rang dekh rahe kitna sunder hai bamboo ya khajoor ke ped se aur ghar ke purane kapdon se banaya hai, mujhe bhut acha lagta hai, kabhi chhat pe betho  ya balcony mei toh bade kaam aata hai, wo mujhe chahiye ğŸ˜‚ dila do unse.  banki interview bhut acha hai. ğŸ‘",2025-09-08 05:01:10+00:00,
@ravinderdhetarwal3638,â†³ à¤ªà¥‹à¤¸à¥à¤Ÿà¤² à¤à¤¡à¥à¤°à¥‡à¤¸ à¤²à¤¿à¤–à¥‹ à¤®à¥ˆà¤‚ à¤­à¤¿à¤œà¤µà¤¾ à¤¦à¥‚à¤à¤—à¤¾ ğŸ™,2025-09-08 05:08:08+00:00,@ColorfulRoads
@Goslow3037,"I&#39;m waiting from starting,  when will samdish empty those plates or will leave it ?ğŸ˜‚",2025-09-08 05:00:39+00:00,
@slayingswordrxrr1377,"Bro looks like that and have audacity to say ,&quot;interbreeding nahi hone deinge&quot;... bro ur blood demands some intermixing....",2025-09-08 04:51:36+00:00,
@Vikram-fc4sx,Kya mast banda h inspirational h this is real indiaâ¤â¤â¤â¤â¤â¤,2025-09-08 04:50:39+00:00,
@teenaratnam8571,Samdish sir please again any other person interview take and speak about what wrong they are facing and this guy not speak about what s going wrong in urban company,2025-09-08 04:50:27+00:00,
@Prashant-e6u6y,Respectâ¤,2025-09-08 04:43:46+00:00,
@srinivasvenkata583,Opening scene ğŸ‘Œ respect,2025-09-08 04:43:12+00:00,
@rajangupta1student143,Samdish bhai aapne etna expect nhi kiya hoga,2025-09-08 04:42:00+00:00,
@KaurSim-yz6nv,You need to avoid using â€œtu &amp; teraâ€ give respect to everyone.,2025-09-08 04:41:03+00:00,
@nakab_poshh,Pick up your camera start interacting with local people nowadays makes you local journalist ğŸ˜‚ğŸ˜‚ unemployment on its peak no use of studies.,2025-09-08 04:39:02+00:00,
@billionairemaxx,Please come in bihar,2025-09-08 04:38:19+00:00,
@prince4093,Bohot sunder interview,2025-09-08 04:23:11+00:00,
@atulmittal111,Network marketing gives art of speakingğŸ˜‚,2025-09-08 04:20:05+00:00,
@kuljinderkalsi2418,Sachaa insaan.,2025-09-08 04:15:27+00:00,
@JassChahal22,I want more videos like this â¤â¤â¤,2025-09-08 04:08:10+00:00,
@anandrawat6017,Bro is trying his best taki makkhi na baithe,2025-09-08 04:02:18+00:00,
@Mr.Aftab456,à¤®à¥‡à¤°à¤¾ à¤–à¤¼à¥‚à¤¬à¤¸à¥‚à¤°à¤¤ à¤¦à¥‡à¤¶ à¤”à¤° à¤¯à¤¹à¤¾à¤‚ à¤•à¥‡ à¤–à¤¼à¥‚à¤¬à¤¸à¥‚à¤°à¤¤ à¤”à¤° à¤®à¥‡à¤¹à¤¨à¤¤à¥€ à¤²à¥‹à¤— â¤,2025-09-08 03:57:48+00:00,
@ANILSINGH-iy5oi,"Bhai abhi poori tarah bhul ni paya h , network marketing ko...",2025-09-08 03:52:43+00:00,
@Sanatani7727,Samdhish ko ghol ke pi gaya ye banda bohot mehnati insan hai,2025-09-08 03:51:12+00:00,
@sameerpoonawalla3276,"<a href=""https://www.youtube.com/watch?v=jw-hsx2zvfw&amp;t=234"">3:54</a> bcs men known what other men suffering from",2025-09-08 03:49:18+00:00,
@shashikalanarayan585,â¤ğŸ‘Œ,2025-09-08 03:43:11+00:00,
@sanarashid6722,Yes he is very true ğŸ˜…ladies have problem,2025-09-08 03:40:37+00:00,
@xobri100,What a awesome guy..!!,2025-09-08 03:30:28+00:00,
@desiproduction9456,I hope you cover panjab floods as well,2025-09-08 03:28:11+00:00,
@Siddhant_ji,The og podcast,2025-09-08 03:21:47+00:00,
@TheSumit22,Nirmala tai coming with new it rules for gig workers,2025-09-08 03:21:11+00:00,
@vish_ghosh,Rajpal yadav in alternate universe ğŸ˜‚,2025-09-08 03:18:01+00:00,
@shahidattarvines5077,Isko dakh ke lagta he ki mabhi reporting kar na shuru kar doğŸ˜…ğŸ˜…,2025-09-08 03:11:56+00:00,
@mauleshkumar2284,"<a href=""https://www.youtube.com/watch?v=jw-hsx2zvfw&amp;t=231"">3:51</a> i agree ... maine bhi dekha hai ki agr ladke successful hote hai fir bhi humble hote hai ...<br>par maximum ladkiya apne se financially chhote haisiyat walo ko chhota hi samjhti hai ...<br> ye general observation hai mera ... <br>par ho skta hai aage jyada duniya dekhu to mera opinion change ho jaye",2025-09-08 03:11:21+00:00,
@funulimited9183,22 mins worth of the day ğŸ¤—ğŸ¤—ğŸ¤—ğŸ¤—,2025-09-08 03:05:10+00:00,
@RahulKumar-md8js,à¤¯à¥‡ à¤¹à¥‹à¤¤à¥€ à¤¹à¥ˆ à¤…à¤¸à¤²à¥€ à¤¬à¥à¤²à¥‰à¤—/à¤‡à¤‚à¤Ÿà¤°à¤µà¥à¤¯à¥‚ ğŸ˜Š,2025-09-08 02:54:54+00:00,
@harshvardhansingh2204,Wtf is bro onğŸ˜‚<br>blud said- tu sabse bada sofa konsa dekha detail me bta.ğŸ˜‚ğŸ˜‚,2025-09-08 02:54:32+00:00,
@GaganKaursandhu,Punjab paer ik video bana do bhai?,2025-09-08 02:53:31+00:00,
@0BhimTiwari,A normal rural guy putting the urban people to shame for a good reason.,2025-09-08 02:46:02+00:00,
@funulimited9183,"@samdish à¤–à¤¾ à¤²à¥‡ à¤­à¤¾à¤ˆ à¤ªà¤¹à¤²à¥‡ , à¤¬à¤¾à¤¤ à¤¬à¤¾à¤¦ à¤®à¥‡à¤‚ à¤•à¤° à¤²à¥‡à¤¨à¤¾ ğŸ˜¢",2025-09-08 02:43:56+00:00,
@anshansh7713,"<a href=""https://www.youtube.com/watch?v=jw-hsx2zvfw&amp;t=241"">04:01</a> truth",2025-09-08 02:35:59+00:00,
@akhileshpradhan1,"<a href=""https://www.youtube.com/watch?v=jw-hsx2zvfw&amp;t=1058"">17:38</a> ye hua sala network marketing wala sign ğŸ˜‚ diamond wala ladka yaad aa gaya ğŸ˜‚",2025-09-08 02:22:20+00:00,
@NehalPan-i4l,"Urban company at <a href=""https://www.youtube.com/watch?v=jw-hsx2zvfw&amp;t=1282"">21:22</a> ğŸ‘ğŸ¼",2025-09-08 02:10:35+00:00,
@souravmahesh2885,â¤â¤,2025-09-08 01:46:33+00:00,
@guruprakashable,Kya badhiya banda hai yar â¤,2025-09-08 01:16:00+00:00,
@MrBawa14,We need more of these interviews. indians need to see the world from the perspective of these people. maybe then our people will learn to be more respectful.,2025-09-08 01:15:38+00:00,
@drevstudio,Lots of respect and love. thank you for bringing this to us.,2025-09-08 00:48:39+00:00,
@nilayshah1926,One of the wisest person i have seen online â¤,2025-09-08 00:29:46+00:00,
@ratandeepsinghpanesar3812,"This subtle marketing of urban company right before their ipo is indeed a very smart move. must say, very smart. ğŸ‘ŒğŸ»<br>kudos to samdish and his team for carrying out this interview so beautifully. ğŸ˜€",2025-09-08 00:26:44+00:00,
@HimanshuYadav-hs1ri,ğŸ‘‘,2025-09-08 00:14:52+00:00,
@Vasuuzone,Bahut hi acche nature ke hai yah bhai <br>or bahut hi achcha kam karke gaye <br>jo video ban rahi hai sofa clean ki yah mere ghar mein ban rahi hai aapki team se do bande aaye the jismein se ek ka hair aparichit jaisa tha jo video banaa raha,2025-09-07 23:28:31+00:00,
@harshkhatri2503,"<a href=""https://www.youtube.com/watch?v=jw-hsx2zvfw&amp;t=1352"">22:32</a> where is camera person tehreem??",2025-09-07 22:57:55+00:00,
@sidkiller8594,Samdish à¤­à¥ˆà¤¯à¤¾ à¤‡à¤¸ video à¤•à¤¾ à¤•à¥à¤› credit income à¤‡à¤¨ à¤­à¤¾à¤ˆ à¤¸à¤¾à¤¹à¤¬ à¤•à¥‹ à¤®à¤¿à¤²à¥‡à¤—à¤¾ à¤•à¥à¤¯à¤¾...podcast bahut à¤…à¤šà¥à¤›à¥€ à¤¥à¥€ ğŸ‡®ğŸ‡³ğŸ‡®ğŸ‡³ğŸ«¡,2025-09-07 22:57:23+00:00,
@BLRBOM,You rock man..  love your creative content .. show the true hardworking indian ..  gig economy is the next big thing..  fuck mba - ai - wasting time on engineering...,2025-09-07 22:48:49+00:00,
@souvikdebnath301,Ye duniya hai,2025-09-07 22:34:48+00:00,
@shabdgram,â¤â¤â¤â¤â¤â¤â¤â¤â¤â¤â¤â¤ this was one of the best samdish video  in my viewâ¤ï¸â¤ï¸â¤ï¸â¤ï¸â¤ï¸â¤ï¸â¤ï¸â¤ï¸â¤ï¸â¤ï¸â¤ï¸â¤ï¸ pure ground zero report,2025-09-07 21:56:35+00:00,
@sayedsuhail9513,Samdish feminists se dar gaye at 5 minutes mark. i can understand exactly what he&#39;s saying ğŸ˜‚,2025-09-07 21:52:22+00:00,
@bonisstyle,Urban company ka ad thoda casual tha,2025-09-07 21:49:54+00:00,
@ManishMeena-nj3uo,à¤¬à¤¹à¥à¤¤ à¤ªà¥à¤¯à¤¾à¤°à¤¾ à¤¬à¤‚à¤¦à¤¾ à¤¹à¥ˆ yr,2025-09-07 21:39:54+00:00,
@Meer_ali_m,"Love from pakistan , you are a real great containt creator",2025-09-07 21:36:53+00:00,
@maverickmusic101,ğŸ‰ğŸ‰ lovely watching from usa  dude sam you are awesome,2025-09-07 21:32:47+00:00,
@YASHASWINITIWARI,Such raw conersation is what makes me feel like watching unfiltered with samdhish. jitendra bhai is so well spoken. such refined and progressive mindset !!!,2025-09-07 21:20:37+00:00,
@sandeepsydney1573,Excellent work samdish bhai .... good job getting gig workers there space on media,2025-09-07 21:07:55+00:00,
@gamesandfun5110,Bhai ek baar zomato rider se bhi aisa hi video ho jaye,2025-09-07 21:05:24+00:00,
@FaizanKhan-bh4sh,&quot;&quot;arey samdish bro nhi khana hai to pakodi hatwa do na &quot;&quot; dono usi me busy ho makkhi bhgane me ğŸ˜‚ğŸ˜‚ğŸ˜‚,2025-09-07 20:46:35+00:00,
@TIMES-TIDES,Ias betha do samne ğŸ˜‚,2025-09-07 20:20:51+00:00,
@deepsohi436,Go punjab we need u in punjab,2025-09-07 20:18:29+00:00,
@Prince-wn8et,<b>his speaking skills</b> ğŸ˜®,2025-09-07 20:17:59+00:00,
@TIMES-TIDES,Koi na aana de maakhi was epicğŸ˜‚....bhai kha lo na isko ek baar ...kb tk jholta raho ga,2025-09-07 20:13:29+00:00,
@karanKumar-rk1xf,@urbancompanyyt please take note of what this man said and provide permanent solution to his problem and permanent id block is not a solution.,2025-09-07 20:02:13+00:00,
@VoltageGuru,Thanks for interviewing commen people of india you are doing great job please keep it upâ¤â¤,2025-09-07 19:49:58+00:00,
@VoltageGuru,This man is gemâ¤â¤ he has lot of potential and his way of taking is amazing,2025-09-07 19:46:41+00:00,
@shahadatmolla4243,ğŸ™ğŸ‘<br>from  ğŸ‡§ğŸ‡©<br>samdish vhai ğŸ™Œ,2025-09-07 19:45:14+00:00,
@J0hnd0e-x01,"Bhai dhak dete khaane ko, hahaha",2025-09-07 19:40:39+00:00,
@Philosopher420,"If you want to make more videos on gig workers, please talk to employees of reliance retail. please, the company covers up the exploitation so well. give the matter some light.",2025-09-07 19:27:43+00:00,
@anandp3991,Ceo material. not even kidding. proud! samdish is excellent.,2025-09-07 19:19:43+00:00,
@majeebqadri1314,01 lakh per month toh jooth bola gaya,2025-09-07 19:19:11+00:00,
@vb46,Koi kaam chota bada nahi hotaâ¤â¤,2025-09-07 19:14:03+00:00,
@AMITSHEELA,Wow interview â¤,2025-09-07 19:08:21+00:00,
@mr.chatoorsarma1795,1k kahavat he gujrati me working on castism pe  ...<br> kapda kam he ....  to kya huava....<br>jeb rakh choti or collar bada dal tu ....,2025-09-07 19:07:03+00:00,
@uddeshkumar1,Someone wrote thodi dur jo chala wo bhi aadmi bhala hai,2025-09-07 19:05:03+00:00,
@siddhantgarg_honey,Nice ipo build up,2025-09-07 18:59:51+00:00,
@divyamgupta6953,Starting from buffow&#39;s ass ğŸ˜‚ ending at samdish saying &quot;chal ek baar gaana gaa kar sunade&quot; ğŸ˜‚ mast conversation you did with jeetu bhaiya from kanpur,2025-09-07 18:59:20+00:00,
@BabaAdvertising,Waah samdish,2025-09-07 18:44:11+00:00,
@indiamagyarul4519,Samdish bhai i salute you. hats off i want to meet with you. you r such a genius person,2025-09-07 18:38:23+00:00,
@kivneetkaur9522,He is so sorted and well spoken. loved the conversation. well done samdish.,2025-09-07 18:26:41+00:00,
@chanujoshi,This guy will be a great entrepreneur someday. proud of you samdish to find this gem.,2025-09-07 18:16:59+00:00,
@QuantumClasses92,"<a href=""https://www.youtube.com/watch?v=jw-hsx2zvfw&amp;t=875"">14:35</a> intercaste âŒcross-breeding âœ… ğŸ¤£ğŸ¤£ğŸ˜‚ğŸ˜‚",2025-09-07 18:10:27+00:00,
@ZAMislive,"I mean dude, the guy is esrning halal income (beside the intrest/biyaaz), he aint cheating, he aint playing adaani ambani, what else is wrong with that? if people judges, let them",2025-09-07 18:10:14+00:00,
@eslate7828,à¤­à¥ˆà¤¸ à¤•à¥‹ à¤¡à¤°à¤¾ à¤•à¥‡ à¤¹à¤—à¤¾ à¤¦à¤¿à¤¯à¤¾ à¤­à¤¾à¤ˆ à¤¸à¤®à¤§à¥€à¤¶ à¤—à¤¨à¥€à¤®à¤¤ à¤¹à¥ˆ à¤—à¤¾à¤¯ à¤¨à¤¹à¥€à¤‚ à¤¥à¥€,2025-09-07 18:09:18+00:00,
@eslate7828,à¤­à¥ˆà¤¸ à¤•à¥‹ à¤¡à¤°à¤¾ à¤•à¥‡ à¤¹à¤—à¤¾ à¤¦à¤¿à¤¯à¤¾ à¤­à¤¾à¤ˆ à¤¸à¤®à¤§à¥€à¤¶ à¤—à¤¨à¥€à¤®à¤¤ à¤¹à¥ˆ à¤—à¤¾à¤¯ à¤¨à¤¹à¥€à¤‚ à¤¥à¥€,2025-09-07 17:55:26+00:00,
@AjaySharma-vl5wn,I think he is more mature than meâ¤,2025-09-07 17:55:19+00:00,
@piyushcool1701,"Samdish bhai jo kaam aap kr rahe ho na, ek din duniya badal doge dekh lena. keep doing this honestly.",2025-09-07 17:52:49+00:00,
@eslate7828,à¤ªà¤•à¥Œà¤¡à¤¼à¤¿à¤¯à¤¾à¤‚ à¤•à¤¬ à¤¤à¤• à¤¹à¤µà¤¾ à¤–à¤¾à¤à¤‚à¤—à¥€,2025-09-07 17:52:09+00:00,
@soumyasengupta4291,Thank you samdhish. inka baat pehli bar jana. thank you and best wishes.,2025-09-07 17:46:17+00:00,
@HelpingMedia113,Jimmedari aadmi ko sab kux sikha deti hai,2025-09-07 17:39:52+00:00,
@subhashasopya,Great guy,2025-09-07 17:33:29+00:00,
@tusharsingh2836,Bhai ka dil saaf tha aur soch bahut badhiya thi. bhai inspired me,2025-09-07 17:32:07+00:00,
@Bharatlivelong,"<a href=""https://www.youtube.com/watch?v=jw-hsx2zvfw&amp;t=870"">14:30</a> samdish ji, cross breeding, gaon walo k mje b le rhe ho",2025-09-07 17:32:05+00:00,
@AbhishekGupta-er2ks,That man can be any person in the world. thank you sam for this ğŸ«°ğŸ¼,2025-09-07 17:31:37+00:00,
@TikendraVerma-l2x,à¤¬à¤¹à¥à¤¤ à¤¸à¤¹à¥€ à¤¬à¤¾à¤‚à¤¦à¤¾ à¤¹à¥ˆ,2025-09-07 17:30:40+00:00,
@HariomKumar-kt6yk,â¤â¤,2025-09-07 17:28:18+00:00,
@shivnaraintiwari59,Network marketing is a scamğŸ˜‚ğŸ˜‚ğŸ˜‚ğŸ˜‚,2025-09-07 17:25:27+00:00,
@poojatandon79,What a guy <br>very sorted,2025-09-07 17:19:32+00:00,
@roopdvmmi,Inspiring man! choosing rationality and balancing it with age old societal rituals is not an easy job. kudos!!,2025-09-07 17:15:46+00:00,
@vinayakappa5936,à¤…à¤®à¤¿à¤°à¥‹à¤‚ à¤•à¥€ à¤˜à¤®à¤‚à¤¡à¥€ à¤”à¤°à¤¤à¥‹à¤‚ à¤•à¥€ à¤¬à¤¾à¤¤ à¤à¤•à¤¦à¤® à¤¸à¤¹à¥€ à¤ªà¤•à¤¡à¤¼à¥€ à¤¹à¥ˆ à¤­à¤¾à¤ˆ à¤¨à¥‡à¥¤ à¤”à¤° à¤à¤¸à¥‡ à¤…à¤®à¥€à¤° à¤œà¥‹ à¤¬à¤¸ à¤•à¤¿à¤¸à¥€à¤•à¥‹ à¤ªà¥‡ à¤•à¤°à¤¨à¥‡ à¤²à¤¾à¤¯à¤• à¤¹à¥€ à¤¬à¤¨à¥‡ à¤¹à¥‹ à¤…à¤­à¥€ à¤…à¤­à¥€ à¤ªà¤° à¤˜à¤®à¤‚à¤¡ à¤à¤¸à¥€ à¤¹à¥‹à¤—à¥€ à¤œà¥ˆà¤¸à¥‡ à¤…à¤¦à¤¾à¤¨à¥€ à¤•à¥€ à¤¬à¥€à¤µà¥€ à¤¹à¥‹ ğŸ˜‚à¥¤,2025-09-07 17:12:44+00:00,
@sonamyangzom3141,"Thatâ€™s what is called the dignity of labour. hats off to you samdish n team for bringing it out widely. superb. keep rocking n all the best for him n his work, life n future. may he become a great pioneer in changing the mindset of many innocent people in the country. cheers",2025-09-07 17:12:14+00:00,
@phantomriderzzz432,Samdish ghar jake tu dettol se nahaya kya ğŸ˜… this is true ground reality if you visit more often... salute,2025-09-07 17:10:37+00:00,
@SURESHK-pune,Wt a clear thought process of the guy..congrats.. à¤¬à¤¢à¤¼à¤¾ à¤†à¤¦à¤®à¥€ à¤¬à¤¨à¥‡à¤—à¤¾,2025-09-07 17:10:28+00:00,
@mihirgosar,He is smarter than most people i have done my masters with,2025-09-07 17:10:14+00:00,
@nmo3148,"Samdhish addressed him as tu throughout, why? not done.",2025-09-07 17:05:33+00:00,
@Nisha-123-b4,Soch ğŸ¤Œ,2025-09-07 17:04:17+00:00,
@sports-gram,Good work samdish â¤,2025-09-07 17:03:26+00:00,
@nmo3148,"Sadly, being nice to any male in india is potentially dangerous for ladies, leading to unwanted whatsapp calls at the very least.",2025-09-07 17:02:59+00:00,
@viveksaraswat18,@unfiltered samdish that is not cross breeding. it&#39;s called intercaste marriage.  also if this guy would have been a big shot you would be  saying aap instead of tu. rest i like your podcast,2025-09-07 17:02:19+00:00,
@thelone_traveller3754,Khangress propaganda video!!! <br><br>financed by rjd,2025-09-07 16:58:40+00:00,
@RajneeshKumar-sc3jb,Just wow......,2025-09-07 16:57:56+00:00,
@hiecutie7745,"<a href=""https://www.youtube.com/watch?v=jw-hsx2zvfw&amp;t=650"">10:50</a> bhaisiya k kya nam h , apka kya nam h ğŸ™‚",2025-09-07 16:57:42+00:00,
@abhishekPal-ch6fc,Humanity,2025-09-07 16:56:16+00:00,
@hiecutie7745,"<a href=""https://www.youtube.com/watch?v=jw-hsx2zvfw&amp;t=240"">4:00</a> definatly tru i have also noticed men do respect men",2025-09-07 16:50:35+00:00,
@SurajNarayan-pg4ku,Yet another masterpiece from the unfiltered teamğŸ‘ŒğŸ¼,2025-09-07 16:47:44+00:00,
@kanwarkochhar83,"Being a thakur from uttar pradesh, he is out grown himself and his clan",2025-09-07 16:45:31+00:00,
@alapanparia,"<a href=""https://www.youtube.com/watch?v=jw-hsx2zvfw&amp;t=230"">3:50</a> bro&#39;s spitting facts...the solipsism of modern women after rise of fake feminism is insane",2025-09-07 16:45:01+00:00,
@bsmferruccio,Beautiful! thank you for yet another gem,2025-09-07 16:43:11+00:00,
@shiv6680,Bhai ke mann se sachh nikla hai,2025-09-07 16:42:07+00:00,
@THISISNOTFUNNY6,Chup chaap k toh gaaa.......ğŸ¤£ğŸ¤£,2025-09-07 16:42:02+00:00,
@tbh7425,Network marketing ğŸ˜‚ğŸ˜‚ğŸ˜‚,2025-09-07 16:41:52+00:00,
@shreyasibandyopadhyay5725,à¦•à¦¿ à¦¸à§à¦¨à§à¦¦à¦° à¦•à¦¥à¦¾ à¦¬à¦²à¦›à§‡à¥¤god bless you,2025-09-07 16:41:45+00:00,
@Contemplicate,"Samdish, thank you for this!",2025-09-07 16:39:45+00:00,
@lovedeepsidhu7454,Thakur toilet cleanerğŸš½,2025-09-07 16:39:18+00:00,
@muktikamargh,à¤‡à¤¸ à¤¤à¤°à¤¹ à¤•à¥€ à¤ªà¤¤à¥à¤°à¤•à¤¾à¤°à¤¿à¤¤à¤¾ à¤•à¥‡ à¤²à¤¿à¤ à¤§à¤¨à¥à¤¯à¤µà¤¾à¤¦,2025-09-07 16:34:28+00:00,
@rahulyadav-ju6tk,Pahli bar kisi ne aurto ko pehchana haiğŸ˜…ğŸ˜…ğŸ˜‚,2025-09-07 16:34:09+00:00,
@Nurbu666,â¤â¤â¤ beautiful,2025-09-07 16:33:53+00:00,
@Hemantsingh-rq6sd,Maja aa jata hai bhai aapko reporting dekh k,2025-09-07 16:30:17+00:00,
@kalidasswaminathan4341,â¤â¤â¤â¤â¤,2025-09-07 16:19:50+00:00,
@SurajYakkundi,He is an intellectual fr.,2025-09-07 16:19:28+00:00,
@jiteshshankhpal3034,Sit with rohan learns,2025-09-07 16:17:06+00:00,
@Russia_is_love,Samdish bhaiya gajab ka content â¤,2025-09-07 16:16:59+00:00,
@Ysjangid,An interview where samdish spoke lesser than the guest ğŸ˜…,2025-09-07 16:16:44+00:00,
@aaditya_gupta2010,Intercaste âŒ crossbreeding âœ”,2025-09-07 16:16:29+00:00,
@sabd1137,Great work done by samdish â¤,2025-09-07 16:11:40+00:00,
@harshitsingh372,Perfect example of â€œonly if you care to listen everyone has a story to tell!â€,2025-09-07 16:11:31+00:00,
@rohitroyalgroup6605,Up ke kannauj me aao jati bhed bhav uch nich dekhne ko milega â¤,2025-09-07 16:09:57+00:00,
@pranavpatil1667,Bhai iski language à¤¹à¤¿à¤‚à¤¦à¥€ and english â¤,2025-09-07 16:02:28+00:00,
@sumitbhattacharya4402,"This is an urban company advertisement, to attract more villagers, more worker. don&#39;t fall for 1 lac trap",2025-09-07 15:59:23+00:00,
@KushagraDwivedi-gi6yj,Baatein fek rha hai aur kuchh nhi kanpur ke logo ko janta hu achhe se,2025-09-07 15:57:39+00:00,
@Paramlohiaa,Samdish please visit rajasthan,2025-09-07 15:53:50+00:00,
@RahulGupta-x2x,"In the final part, when he sings, the visuals elevate the beauty of the scene !",2025-09-07 15:50:13+00:00,
@rich_bpd,Best thing â¤,2025-09-07 15:45:39+00:00,
@ssdevil108,Buy cry baby trump/ cbt meme coin to help donald trump to get his noble peace prize ğŸ†,2025-09-07 15:43:38+00:00,
@patelsahab5493,"Network marketing se insan bolna aur client se deal karna hi sikhata hai, lekin paisa nahin kama patağŸ˜‚",2025-09-07 15:42:01+00:00,
@sarangsamarth,@unfiltered samdhish <br>good attempt <br>you made me feel really happy <br>we as indians need to transform in thinking because we are here to help each other grow,2025-09-07 15:41:03+00:00,
@RahulKumar-c7s1m,"<a href=""https://www.youtube.com/watch?v=jw-hsx2zvfw&amp;t=1251"">20:51</a> kya ham mja dene aay the ğŸ˜…",2025-09-07 15:40:04+00:00,
@kaif.kreate,"<a href=""https://www.youtube.com/watch?v=jw-hsx2zvfw&amp;t=872"">14:32</a> crossbreeding ğŸ˜­",2025-09-07 15:33:43+00:00,
@ImRaviSharma,A big thanks for making me a proud subscriber of your brother â¤,2025-09-07 15:33:39+00:00,
@you9m,"<a href=""https://www.youtube.com/watch?v=jw-hsx2zvfw&amp;t=110"">1:50</a>  does this video have any connection with urban company ipo",2025-09-07 15:32:32+00:00,
@mdsrmohd1989,"It&#39;s amazing to see that his hard work is paying off. however, i&#39;m not sure why a 1 lakh per month earner in a village is not able to improve the living conditions surrounding him.",2025-09-07 15:32:13+00:00,
@PiyushRaj-f2j,"â†³ Chor sabhi jagah hai, apne apne level par <br>mere village me mukhiya ne dustbin diya sabhi poor ko aur bola daily truck aayega, usme rakhna <br>guess what; log dustbin me rice , pulse rakhne laga<br>so greed is the main reason",2025-09-08 05:42:57+00:00,@mdsrmohd1989
@akhiisingh3221,Bhai ko dekh k achaa laga,2025-09-07 15:29:50+00:00,
@VivekKumarRajak,Thumbnail is not good.. ğŸ˜Š <br>it portray all these worker earn such amount but not reality.. this figure is only true in metro cities and just because of uc and in other cities they didn&#39;t even earn 1000 day,2025-09-07 15:26:45+00:00,
@Theendofficial94,"So, they are all creators trying to tell us that there is no money after iit neet ğŸ˜‚",2025-09-07 15:24:40+00:00,
@jainprayush9,Missing &quot;sponsored by urbanclap&quot;! ğŸ™‚,2025-09-07 15:24:12+00:00,
@vishalvishal5008,Why you are not covering punjab floods?,2025-09-07 15:22:44+00:00,
@vicky0703-b2u,Samdish talk with politician or celebrities politily like word he use aap but with a common man *tu*.,2025-09-07 15:20:22+00:00,
@Niharika48.,Great man may be financially poor but kulle dil ka h with humor ğŸ˜…ğŸ˜…,2025-09-07 15:18:36+00:00,
@manishydv-o,â¤â¤â¤ğŸ˜…,2025-09-07 15:18:09+00:00,
@nageshbabar5912,Cross breed ğŸ˜‚ wrfğŸ˜…,2025-09-07 15:16:33+00:00,
@HimanshuYadav-zx7gn,Nice songs,2025-09-07 15:14:50+00:00,
@MANISHKUMAR-ck3rc,Is he really rajput or he is doing just as sarcasm.,2025-09-07 15:13:35+00:00,
@HimanshuYadav-zx7gn,Very nice bro,2025-09-07 15:13:00+00:00,
@RameshSingh-fd7tx,Excellent samdish bhaiğŸ‰,2025-09-07 15:07:33+00:00,
@swaraj2002,Sir kuch politics related dekhaw please ğŸ™ btw big fan from assam â¤ humare cm ki ho sake thoğŸ™ğŸ™,2025-09-07 15:05:18+00:00,
@YashJaat-bz9ki,"Iâ€™ve noticed  samdish, your attitude seems to shift depending on whether someoneâ€™s in a higher position or has more money, compared to those who donâ€™t. respect shouldnâ€™t really depend on income, title, or statusâ€”it feels a bit off when it does. treating people consistently is what makes interactions genuine",2025-09-07 15:05:10+00:00,
@Adithakare2005,Refreshing man â¤,2025-09-07 15:03:44+00:00,
@buildtogether56,What a guyğŸ‘ğŸ‘ğŸ‘â¤ï¸â¤ï¸â¤ï¸ğŸ‘ŒğŸ‘ŒğŸ‘Œ,2025-09-07 15:02:41+00:00,
@sonakshibahl9486,â¤â¤â¤,2025-09-07 15:02:21+00:00,
@basavarajbisaraddi4186,Much appreciated ğŸ‰,2025-09-07 15:02:02+00:00,
@kgybhai,Bahut badhiya ğŸ˜Š,2025-09-07 14:58:35+00:00,
@syednazeerhussain3049,ğŸ‘,2025-09-07 14:55:10+00:00,
@parthpargi8519,ğŸ™ğŸ‘,2025-09-07 14:50:11+00:00,
@coverbharat,à¤¸à¤‚à¤¦à¥€à¤ª à¤­à¤¾à¤ˆ à¤†à¤ª à¤¬à¤¹à¥à¤¤ à¤¸à¥à¤‚à¤¦à¤° à¤”à¤° à¤—à¤¼à¤œà¤¼à¤¬ à¤‡à¤‚à¤¸à¤¾à¤¨ à¤¹à¥‹ â¤,2025-09-07 14:47:11+00:00,
@anupriyagupta1719,Kitna samajhdaar ladka h ye,2025-09-07 14:45:48+00:00,
@anandkumar-e7d4j,Good,2025-09-07 14:45:09+00:00,
@VipinKumar-fd8dx,Nice bro,2025-09-07 14:44:30+00:00,
@MrJekyllDrHyde1,"Samdish keeps digging out people who should be in politics, leading their people.",2025-09-07 14:39:12+00:00,
@MadRoverX,Jio,2025-09-07 14:39:03+00:00,
@vikaschander7643,Uc promotion????,2025-09-07 14:37:15+00:00,
@loveyourlife_official,Not only he is a nice person...he is a good fatherâ¤,2025-09-07 14:37:10+00:00,
@mahendrachauhan6413,Shandar zabardast zindabad. lage raho jitu bhai. you can crack it big one day.,2025-09-07 14:27:08+00:00,
@peeyooshkumar1555,"The great jitu bhai, the real hero",2025-09-07 14:18:39+00:00,
@akankshapatralekh,ğŸ‘ğŸ‘ğŸ‘ğŸ‘,2025-09-07 14:17:57+00:00,
@KyaBolu-2402,Great reporting ğŸ‘â¤â¤â¤â¤  slute to guest ğŸ‰ğŸ‰ğŸ‰ğŸ‰ğŸ‰ğŸ‰,2025-09-07 14:16:49+00:00,
@inayathkhan9052,Bande me baat hai yaar ğŸ‘ŒğŸ»,2025-09-07 14:12:10+00:00,
@ANdySEM-l8r,"<a href=""https://www.youtube.com/watch?v=jw-hsx2zvfw&amp;t=532"">8:52</a>",2025-09-07 13:57:39+00:00,
@vipulghai10,Nice to see that samdish also included makhis in the conversation ... ğŸ˜‚ğŸ˜…,2025-09-07 13:57:21+00:00,
@vikdcoolest,What a gem of a conversation,2025-09-07 13:55:41+00:00,
@t.brahma2645,Wow very well spoken yaar mein to kabhi camera ke samne istarha se nahi karpata â¤â¤â¤ ğŸ˜…ğŸ˜…ğŸ˜…,2025-09-07 13:52:15+00:00,
@ShubhamJain-s4j,"Paise se gareeb dil se ameer bhai , shayad phli bar kisi ne kuch nasta lgaya hai shamdish koğŸ˜‚ğŸ˜‚",2025-09-07 13:51:40+00:00,
@MadhurKhanna,This is the true india ! and it&#39;s so nice to see that this guy is so well spoken and has risen from the ground. <br>love this concept samdish ğŸ‰,2025-09-07 13:42:18+00:00,
@moshinbansod1128,Please interview ranjit bajaj owner minerva football club,2025-09-07 13:37:50+00:00,
@vikramnwd,Star,2025-09-07 13:35:02+00:00,
@SAURAV15625,Dil jeet liya bhaiâ¤,2025-09-07 13:34:17+00:00,
@tahirraza941,Loki ka nam sunty hi panchayat season ki yaad ayi....ğŸ˜ğŸ˜‚,2025-09-07 13:30:53+00:00,
@kuldeepsah7172,Unki aadat hai ungali karna was darkğŸ˜‚ğŸ˜‚ğŸ˜‚ğŸ˜‚,2025-09-07 13:30:52+00:00,
@spoofmy284,"In a space where people do multiple flash cuts and add bgms to amplify emotions of video, this is heavily refreshing",2025-09-07 13:22:41+00:00,
@JOJO-nm9vn,Very nice video bhai â¤â¤,2025-09-07 13:22:28+00:00,
@pmishra786,"This is an example of general category guy in india who is blamed for casteism, denied opportunities due to his caste but still is able to earn well &amp; live with dignity through sheer hardwork. now imagine if he was from chochit vanchit communities of obc, sc, st, he would have been crying about govt not providing him freebies. that&#39;s a sad reality, chochit vanchit want freebies &amp; want to guide this country&#39;s future towards backwardness.",2025-09-07 13:20:56+00:00,
@imgn8r715,"&quot;baharo <b>fool</b> barsao...&quot; ğŸ˜Š .. country&#39;s talaffuz has gone to the dogs. pha ko fa,  za ko ja, qa ko ka...",2025-09-07 13:19:19+00:00,
@mahuasenchatterjee,Brilliant!! â¤ samdish! you rock!! ğŸ‘,2025-09-07 13:19:07+00:00,
@Herrykefande,â¤â¤â¤â¤â¤ğŸ˜ŠğŸ˜ŠğŸ˜Š,2025-09-07 13:18:58+00:00,
@StillLearningByGK,Thank you,2025-09-07 13:18:50+00:00,
@birendraprasad4310,Welldone samdish bhai. u r doing great job. blessings and wishes...,2025-09-07 13:13:02+00:00,
@Shlokcreates,"Samdish aao kanpur aaye aur mile bhi nahi , kab meetup rakh rahe ho . we really want to meet you .",2025-09-07 13:12:31+00:00,
@luckyankraj,"Bahot achche vichar hai bhai ke, achcha hua ki mlm se nikal gya",2025-09-07 13:09:02+00:00,
@vinayshakyawar,He has a very charismatic personality.,2025-09-07 13:05:43+00:00,
@taffyhusain5558,"Bhai, bhramand k kendr kanpur pahuch gaye.",2025-09-07 13:01:27+00:00,
@ajaygoud1007,"Samdish tujhe kitne paise diya hain urban company jo to india ka pre politician ka interview le cuka hain tujhe karne ke liye bohot kuch tha kam lekin tu is ka hi interview q liye main batahu tuhe urban company cahata hain jine hi majbur hain o urban company me bharti hojaye aur uska kam kare taki uska kam nikal jaye baki to kam kare valoke kitna bhai mainat kare tujhe kya ek bat bolra hu jitna paise hain tutna kam bhi hain jadase jada 3 mahine kam kar paoge urban company uske bad kam ka kamra banjeyega aur jake kisi hospital me bhati hona padega ye sab bolenge hi kisi ko aur bhari hone se bhele 10 din ka training hoga usme pass honge to 15000 hajar dena padega company ko uske bad hi bharti hoga, ye sab karne se acha koi acha security job dekhlo 12 ghant rahega kam se kam mainat to nehi karna hai vaha aur esi pf milega aur achese karoge to salery bhi badega uraban company ek chor kapany hai jo gave se logon ko lega raha hain sun samdish tujhe samjh nehi hain jake pusch use jo urban company choda hain o bolega tujhe urban company ka sach ...",2025-09-07 13:01:07+00:00,
@vaibhavshukla9288,1 lakh pm daaaamn,2025-09-07 12:55:46+00:00,
@ronitjaipuria3659,Salute to you samdish sir,2025-09-07 12:55:45+00:00,
@kumarshantanu2218,"Bihar aa jao, election k baad aana hai kya?",2025-09-07 12:49:38+00:00,
@rajdeepsingh264,Gold,2025-09-07 12:49:28+00:00,
@storymood9021,Very nice,2025-09-07 12:49:04+00:00,
@Swantah.Sukhaya,â¤,2025-09-07 12:47:09+00:00,
@Krit_Raj_19,Keep this running and more videos coming!! bharat ek khoj will become the documentaries of lives of people in the 21st century!,2025-09-07 12:42:07+00:00,
@MusicalGems-Journeys,Thats why i love this â¤<br>showing the mainstream not meanstream..,2025-09-07 12:41:36+00:00,
@Kid.b85,ğŸ«¡,2025-09-07 12:40:36+00:00,
@Krit_Raj_19,"Once again an amazing video by samdish &amp; team!ğŸ«¡â¤ i just love how some people in rural setting are not afraid to put their blatant opinion and views forward without even thinking once whereas in urban setting, the people are so afraid to put their views and opinions ahead including myself but that&#39;s the duality once face i guess...",2025-09-07 12:40:24+00:00,
@LeeJi-e5c,Now these days trading is huge bubble in market pls makes some videos on that things,2025-09-07 12:37:55+00:00,
@MdMustak-dm3mj,Very well spoken ğŸ˜¶,2025-09-07 12:37:31+00:00,
@UrmilaTiwari-p4c,I just love the way of your samdish redefining the ground reporting...,2025-09-07 12:34:19+00:00,
@lemme4896,Sad thing is even though he has started respecting the job but not the people who are forced to do that job. hesitation to intercaste marriage really shows how even after accepting every work is equal doesn&#39;t guarantee a person will accept all equally. <br>anyway it&#39;s iand of contradictions.,2025-09-07 12:34:19+00:00,
@saket_singhrajput,Liked it.,2025-09-07 12:29:41+00:00,
@nitin-aspirat,"Safe shop waale ne mere bhi 50k lute hai <a href=""https://www.youtube.com/watch?v=jw-hsx2zvfw&amp;t=516"">8:36</a>",2025-09-07 12:26:41+00:00,
@vinay461,Simply amazing,2025-09-07 12:24:37+00:00,
@PratyushShahi-f3k,Urban company has improved a lot of lives!! this startup is the reason why iits were setup,2025-09-07 12:17:47+00:00,
@karimulla1080,Bhai<br>kabhi bangal aajao yaar<br>e bhi desh ka hi hissa hi hai,2025-09-07 12:16:47+00:00,
@studywithme5308,Daf se hag bhi rhi haiğŸ˜‚,2025-09-07 12:15:35+00:00,
@Healing_with_Monudidi,â¤,2025-09-07 12:11:07+00:00,
@Yoonjoying,"God, this video made me feel so happyâ¤",2025-09-07 12:07:44+00:00,
@ritvikthakur6294,à¤•à¤¾à¤¸à¥à¤Ÿà¥€à¤œà¥à¤® à¤¤à¥‹ à¤¯à¤¹ à¤­à¥€ à¤®à¤¾à¤¨à¤¤à¤¾ à¤¹à¥ˆ à¤°à¥‡ à¤­à¤¾à¤ˆ,2025-09-07 12:06:36+00:00,
@gouravdubey-c1j,Plz come jammu katra,2025-09-07 12:06:20+00:00,
@gouravdubey-c1j,Love from jammu,2025-09-07 12:06:07+00:00,
@onlyHollywoodd,Super interesting guy ğŸ˜ğŸ˜,2025-09-07 12:04:17+00:00,
@ayushvijayvergiya,Brilliant man,2025-09-07 12:00:50+00:00,
@Yoonjoying,More videos like this!,2025-09-07 11:59:31+00:00,
@batmandoingaurafarming,"<a href=""https://www.youtube.com/watch?v=jw-hsx2zvfw&amp;t=607"">10:07</a> wo apko dekh ke darr rhi haiğŸ˜‚ğŸ˜‚ğŸ˜‚ğŸ˜‚ğŸ˜‚",2025-09-07 11:57:32+00:00,
@satyamsangore,â¤,2025-09-07 11:57:26+00:00,
@BullLock,One of the best video better then fake politicians â¤â¤â¤,2025-09-07 11:56:42+00:00,
@jammiethe,"Idk why, i feel he will manage his family even if someone in younger generation does inter-caste marriage. wish he had spoken more about his own romance though.",2025-09-07 11:51:37+00:00,
@Ashish36959,Samdish bhai part time kr lo ğŸ˜…,2025-09-07 11:50:14+00:00,
@MonojitPaul-s7m,Women only see money &amp; status. that&#39;s why they misbehave with low income guys &amp; also left their bf/husband if he is financially weak.,2025-09-07 11:49:02+00:00,
@Thesimerway,"&quot;ek hamara dream hai sir ji, ki hum apni beti ko ek plot jruru denge&quot;. ğŸ‘ğŸ‘ğŸ‘",2025-09-07 11:48:06+00:00,
@arindambhattacharjee162,He is an eerie similarly with actor rajpal yadav,2025-09-07 11:47:36+00:00,
@prateeksingh-qd4fo,Love hogaya pe like hogaya ğŸ˜Š,2025-09-07 11:46:10+00:00,
@david59417,Too good man,2025-09-07 11:46:05+00:00,
@rishaw,This guy is very mature,2025-09-07 11:38:35+00:00,
@syedshadabquadri7641,This man is example <br>(wisdom does not come with education or vice versa),2025-09-07 11:36:57+00:00,
@Harsh.1024,"Your own values make a character like this , true rajput  mentality",2025-09-07 11:33:18+00:00,
@shrishtinayak5249,Dilli k bande ka aisa sochna ğŸ”¥ğŸ”¥ğŸ”¥literally samdish i love ur workğŸ”¥ğŸ”¥,2025-09-07 11:31:44+00:00,
@supasapien,Samdish please interview people who do this job because of their caste. i want to see the contrast.,2025-09-07 11:31:22+00:00,
@jagatali9293,Maja aya gya yaar. so much to learn â¤.,2025-09-07 11:31:06+00:00,
@IAmNoOne27,"Maja gya jitendra bhai, ham bhi motivate ho gye",2025-09-07 11:24:40+00:00,
@azamrashid8471,The guy is gareebo ka balraajğŸ˜‚ğŸ˜‚,2025-09-07 11:24:00+00:00,
@Cincinati-cu2gj,You are good at it bro â¤,2025-09-07 11:21:09+00:00,
@123sdfz,Bhai this should have been longer,2025-09-07 11:17:33+00:00,
@rahulonkon,Waooow waooowww waooowwww,2025-09-07 11:17:13+00:00,
@vivekkhatri4402,"This is the money that you extracted from me, this was fun to watch, keep making these type of content.",2025-09-07 11:16:05+00:00,
@the_best_why,Unfiltered dono â¤â¤â¤ğŸ˜…,2025-09-07 11:14:27+00:00,
@mamtanegi565,What a nice gentleman he is. loved the episode ğŸ‘,2025-09-07 11:13:38+00:00,
@abhijeetsdm2605,Bohot badhiya,2025-09-07 11:11:54+00:00,
@ankitkapasi,This boy is more sensible than half of india&#39;s educated idiots.,2025-09-07 11:11:09+00:00,
@abhishekfaye2084,ğŸ‰,2025-09-07 11:07:07+00:00,
@arunsemwal7207,Nice ğŸ‘ğŸ‘ğŸ‘ğŸ‘ğŸ‘,2025-09-07 11:04:39+00:00,
@radhikamuley1866,Such a good personâ¤â¤â¤â¤,2025-09-07 11:04:19+00:00,
@Ghostaan,Network marketing kuch sikhaye ya na sikhaye conversation skill sikha deti hai. and   what a guy  and what a mindsetğŸ”¥,2025-09-07 11:01:09+00:00,
@25394857,Kaha se dhund kar laya hai bhai isko,2025-09-07 10:58:39+00:00,
@satveerbharia8876,Bro roast whole natwork marketing system ğŸ’€â˜ ï¸ <br>à¤•à¤¾à¤® à¤•à¥‹à¤ˆ à¤›à¥‹à¤Ÿà¤¾ à¤¬à¤¡à¤¼à¤¾ à¤¨à¤¹à¥€à¤‚ à¤¹à¥‹à¤¤à¤¾ à¤¸à¥‹à¤š à¤›à¥‹à¤Ÿà¥€ à¤¹à¥‹à¤¤à¥€ à¤¹à¥ˆ ğŸ™‚ğŸ™Œ,2025-09-07 10:58:22+00:00,
@ankitpatwal-tt14,Nice work samdish bhai..â¤,2025-09-07 10:55:17+00:00,
@sunilkumar-fm7bp,Doing great job bro,2025-09-07 10:54:20+00:00,
@SayantanChandra,â¤,2025-09-07 10:48:39+00:00,
@MUSSAFIR13,How comfortable he is with camera and samdish,2025-09-07 10:40:54+00:00,
@DeepakKumar-yu2nz,â¤â¤â¤â¤,2025-09-07 10:40:44+00:00,
@FALCON-uq6jq,Sacch mai bhai ka dil bohot accha hai ğŸ’Ÿâ¤ï¸,2025-09-07 10:38:34+00:00,
@nupstar87,Like or not this is way india will lift people up from poverty.<br>top down.<br><br> any one start as low level gig workers for some time move up. learn skills while doing is key.,2025-09-07 10:38:23+00:00,
@askerman3,Samdish aik din muslim hojaye ga aise krta rha tu,2025-09-07 10:38:07+00:00,
@prakhargupta5115,Samdish trying hard to be a feminist.... but the real time real feedback overshadowed his lame attempt.<br>just a reasoning he could collect for the bad behaviour.,2025-09-07 10:37:31+00:00,
@ashmait,"Can you pls also add how you found this person. via whom, etc. it will help in increasing duration of video.",2025-09-07 10:36:17+00:00,
@rabuo3296,Muslim discrimination is soo common... <br>this may not be his mindset but it&#39;s socity created nostalgia....,2025-09-07 10:36:05+00:00,
@piyusharyan8174,"â†³ Nah, there&#39;s a reason..... some of my muslim friends eat beef despite the ban and even brag about it. so, i think for practicing hindus for whom beef eating is completely forbidden generally hesitates to eat their food due to unintentional contamination. not out of hatred or discrimination but for their belief system. <br>i think it&#39;s justified just like a muslim would prefer to eat only halal meat and would avoid places where there could be contamination with something haram like restaurant or person who serve pork offenly.<br><br>though i share food with my muslim friends who tend to avoid beef and they also eat food without hesitation as i&#39;m vegetarian and there&#39;s no chance of them mistakenly eating jatka meat or pork.<br>while they avoid eating with my other hindu friend who eats pork and all kind of non-halal meat on a regular basis.<br><br>would you call it concern or discrimination upto you.",2025-09-07 13:05:34+00:00,@rabuo3296
@neelamadhikari3205,Double standard person...there is difference between experience and education,2025-09-07 10:34:37+00:00,
@shivambholaan0007,Network marketing me aaj ğŸ˜…ğŸ˜…tak kon kon fasa hai like karo,2025-09-07 10:33:39+00:00,
@Kiara-o4d,Big thank you to  the teamâ¤<br>i actully pause and read all the team members.ğŸ‰,2025-09-07 10:33:20+00:00,
@muhammadawaisabbas9932,â†³ Same,2025-09-07 13:36:50+00:00,@Kiara-o4d
@karmpalsingh2591,&quot;top notch bathroom singer&quot; ğŸ˜‚,2025-09-07 10:33:20+00:00,
@rahuldange6118,Sponsored by urbanclap??,2025-09-07 10:31:41+00:00,
@tusharthakur6177,Real men â¤,2025-09-07 10:29:27+00:00,
@kailash_saharan,"Hy samdish, hamare idhar to mushlmano ko bartan de dete he lekin nichi jati valo ko nhi (barmer, rajasthan) pr agli generation se ye kuriti bhi chali jaegi",2025-09-07 10:20:43+00:00,
@neilcreation,Ego ki baat sahi,2025-09-07 10:20:14+00:00,
@devduttsinh4704,This is so true about the behaviour of women and men towards the workers women are rude and insesitive towards them i fukin hate those,2025-09-07 10:18:47+00:00,
@AmitPatil-f5s,I hope this series never ends man....,2025-09-07 10:14:36+00:00,
@sachintiwari6321,Kya chumma video hai! accha laga dekh ke ki desh ki haalat utni bhi buri nahin hai.,2025-09-07 10:14:11+00:00,
@Adonitologist,Samdish do an interview with m. c. mehta before he dies,2025-09-07 10:12:06+00:00,
@9kaustav,"<a href=""https://www.youtube.com/watch?v=jw-hsx2zvfw&amp;t=92"">1:32</a> phir dil jeet liya is admi ne â¤",2025-09-07 10:11:41+00:00,
@payalpanchabhai3460,Niceâ¤,2025-09-07 10:11:33+00:00,
@MFK-r2p,"<a href=""https://www.youtube.com/watch?v=jw-hsx2zvfw&amp;t=893"">14:53</a> muslim discrimination so common that this guy totally accepts it and also uses the word heaitation .",2025-09-07 10:10:48+00:00,
@piyusharyan8174,"â†³ Nah, there&#39;s a reason..... some of my muslim friends eat beef despite the ban and even brag about it. so, i think for practicing hindus for whom beef eating is completely forbidden generally hesitates to eat their food due to unintentional contamination. not out of hatred or discrimination but for their belief system. <br>i think it&#39;s justified just like a muslim would prefer to eat only halal meat and would avoid places where there could be contamination with something haram like restaurant or person who serve pork offenly.<br><br>though i share food with my muslim friends who tend to avoid beef and they also eat food without hesitation as i&#39;m vegetarian and there&#39;s no chance of them mistakenly eating jatka meat or pork.<br>while they avoid eating with my other hindu friend who eats pork and all kind of non-halal meat on a regular basis.<br><br>would you call it concern or discrimination upto you.",2025-09-07 13:03:48+00:00,@MFK-r2p
@MFK-r2p,â†³ â€‹@@piyusharyan8174 yeah i agree with you but can you say for certain that this guy was in &#39;concern&#39; category!!.. i can&#39;t.,2025-09-07 13:35:20+00:00,@MFK-r2p
@shauryabansal2383,Pk aur ty vaala nikalde bhaii,2025-09-07 10:09:50+00:00,
@Maniviren,à¤›à¥‹à¤Ÿà¤¾ rajpal yadav à¤¹à¥ˆ à¤¯à¥‡ ğŸ˜‚ğŸ˜‚,2025-09-07 10:07:13+00:00,
@GreyMatterForge,"If you must judge, judge the intention not the outcome.",2025-09-07 10:07:04+00:00,
@SakshiSingh-oe6ku,I wish a husband like him â¤,2025-09-07 10:06:04+00:00,
@alinaislamyoutube,Bhai earned respect!!! the attitude he&#39;s carrying!â¤ may he get everything he want..,2025-09-07 10:05:49+00:00,
@babybearkidsshow2429,How brilliant and sweet he isâ¤,2025-09-07 10:04:49+00:00,
@mdmobasshir595,"Video ka saar, dunya kyun dekhni zaruri hai.<br><br>wo zakir bhai ne kaha hai na, kuch nahi hoga toh tajurba hoga. kaafi sahi kaha",2025-09-07 10:04:12+00:00,
@rebeccaeapen8384,"Well done and more of this that highlights the lives of regular indians, rather than just politicians and actors or bothâ€¦",2025-09-07 10:02:50+00:00,
@DrNehaClinic,"à¤…à¤°à¥à¤¬à¤¨ à¤•à¤‚à¤ªà¤¨à¥€ à¤…à¤­à¥€ à¤¬à¥‰à¤¥à¤°à¥‚à¤® à¤•à¥à¤²à¥€à¤¨à¤¿à¤‚à¤— à¤•à¤¾ à¤à¤¡ à¤ªà¤¿à¤›à¤²à¥‡ à¤•à¥à¤› à¤¦à¤¿à¤¨à¥‹à¤‚ à¤¸à¥‡ à¤¬à¤¹à¥à¤¤ à¤œà¥à¤¯à¤¾à¤¦à¤¾ à¤•à¤° à¤°à¤¹à¥€ à¤¹à¥ˆ , i think this interview à¤…à¤°à¥à¤¬à¤¨ à¤•à¤‚à¤ªà¤¨à¥€ à¤¨à¥‡ à¤¸à¥à¤ªà¥‰à¤¨à¥à¤¸à¤° à¤•à¤¿à¤¯à¤¾ à¤¹à¥ˆ .<br>1 to 1.5 lakhs income,<br>à¤¹à¥‹ à¤¸à¤•à¤¤à¤¾ à¤¹à¥ˆ à¤ªà¤¾à¤°à¥à¤Ÿà¤¿à¤•à¥à¤²à¤°à¤²à¥€ à¤‡à¤¨ à¤µà¥à¤¯à¤•à¥à¤¤à¤¿ à¤•à¥€ à¤‡à¤¤à¤¨à¥€ à¤‡à¤¨à¤•à¤® à¤¹à¥‹,<br>à¤²à¥‡à¤•à¤¿à¤¨ à¤…à¤°à¥à¤¬à¤¨ à¤•à¤‚à¤ªà¤¨à¥€ à¤•à¥‡ à¤¸à¤­à¥€ à¤à¤®à¥à¤ªà¤²à¤¾à¤ˆ à¤•à¥€, à¤‡à¤¨à¤•à¤® à¤‡à¤¤à¤¨à¥€ à¤¹à¥‹ à¤‡à¤¸ à¤®à¤¾à¤®à¤²à¥‡ à¤®à¥‡à¤‚ à¤¥à¥‹à¤¡à¤¼à¤¾ à¤¡à¤¾à¤‰à¤Ÿ à¤¹à¥‹ à¤¸à¤•à¤¤à¤¾ à¤¹à¥ˆ",2025-09-07 10:01:33+00:00,
@8PM9CM,â†³ Maybe,2025-09-07 10:24:49+00:00,@DrNehaClinic
@SakshiSingh-oe6ku,â¤,2025-09-07 10:01:31+00:00,
@jasht_arun,â¤â¤,2025-09-07 10:01:25+00:00,
@nihalkale6394,"Can someone please tag urban company so that they can take a note of this guy? he has so much potential! <br>and as always, great work unfiltered team! keep it up and all the best",2025-09-07 09:59:45+00:00,
@YashGarg,â†³ They know about it. he is sent by them. it is a sponsored piece.,2025-09-07 12:20:27+00:00,@nihalkale6394
@Gautam_74_Hazaribag,Thanks samdish sir and team for shooting this episode....<br>1. experience is better than education.<br>2. caste is just a small part of our society. <br>3. this man is brave because he understands all conditions. <br><br>â¤â¤â¤â¤â¤â¤â¤,2025-09-07 09:56:03+00:00,
@yashu7194,ğŸ«¡,2025-09-07 09:55:45+00:00,
@Kya_Farak_Padta_Hai,"<a href=""https://www.youtube.com/watch?v=jw-hsx2zvfw&amp;t=870"">14:30</a> bruv said cross breedingğŸ˜‚",2025-09-07 09:53:04+00:00,
@AyeshaMansoori-ys9mx,Samdish bhai kabhi apne team ko up  delhi ke border per bhi laya karo bhai aapke kam ko sab dekhte hain pasand bhi karte hain,2025-09-07 09:53:02+00:00,
@victor.wilson,Never thought i will see him on youtube. jitendra sihote is wholesome and polite person. when i had health problems last year and booked him from uc for house chores never thought he would be such a gem. this conversation with samdish reveals what a star he is.,2025-09-07 09:51:38+00:00,
@priyankpatel4029,"This is a real podcast ! no fake actors , no fake politicians ,etc. just the real common man of india his thoughts and views .",2025-09-07 09:51:27+00:00,
@sumitbhattacharya4402,"â†³ This is an urban company advertisement, to attract more villagers",2025-09-07 15:58:33+00:00,@priyankpatel4029
@Akkikyadav,â†³ Fake actor to hai par... par accha hai koi baat nahi ğŸ˜‚,2025-09-08 10:11:19+00:00,@priyankpatel4029
@jatingavri7617,"Just a lil suggestion bro! he was very polite and well mannered young man, he mentioned about tu tadak and all, he said you app and apko everytime, instead of tu, you would atleast had said tum if not app!!!",2025-09-07 09:51:04+00:00,
@rajsalvi8073,Bhai ye video tu kyo dekh raha hai ğŸ˜…ğŸ˜Š,2025-09-07 09:50:46+00:00,
@malaysanghi,This guest is more articulate and seems like a better human than several politicians samdish has interviewed. best of luck to jeetendra,2025-09-07 09:43:54+00:00,
@user-tq1mm8gh9e,Please make shorts on men vs women response. he is 100% right in his observation. love his humour too.,2025-09-07 09:43:50+00:00,
@StudyPrecautions,Bhai apna rajpal yadav jaisa dikh raha haiğŸ˜‚â¤,2025-09-07 09:42:05+00:00,
@yashrami2531,Beauty!,2025-09-07 09:40:29+00:00,
@vishwadeepdeshmukh5370,Urban company should look into this matter of concern or partners ! hundreds of lives are affected by it,2025-09-07 09:40:23+00:00,
@vimlaupadhyay9561,Kam koi chota bada nai hota....kaam kaam hota hai....but ye banda bahut suljha hua hai...great man,2025-09-07 09:33:34+00:00,
@lokendersingh5056,â†³ Thakur toilet clean kar rha hai to bhut badhiya..... valmiki kare to neech jaat humare saath baithoge ye bolte ho tum......waah ri dogali duniya.,2025-09-08 08:28:13+00:00,@vimlaupadhyay9561
@yogaindheeraj2394,Respect sirâ¤,2025-09-07 09:32:53+00:00,
@ashreebadpanda5512,Badhiya,2025-09-07 09:32:20+00:00,
@nirdoshyadav7074,Kya be samdish insano me &#39;cross breeding&#39; karwa raha hae! ğŸ˜‚<br>             hoti hae rural area me aap wali &#39;cross breeding&#39; samdish bhai!,2025-09-07 09:29:19+00:00,
@DailyZindagi,Jab woh real earning bata raha tha. to edit karne ki kya aroorat thi. bada uncut dikhata hai. paison ke aage sabke latak jate hai.,2025-09-07 09:28:05+00:00,
@khushipriya2548,Aww love ho gayaâ¤ğŸ˜‚,2025-09-07 09:27:45+00:00,
@xavi607-s9l,Yeh toh rajpal yadav lag rha hai,2025-09-07 09:27:33+00:00,
@kushagra108,Kudos to urban company also for transforming his life. paying professionals beyond a lakh and every 2nd day is commendable,2025-09-07 09:27:21+00:00,
@Ohmmm11,â™¥ï¸â™¥ï¸â™¥ï¸,2025-09-07 09:26:46+00:00,
@imaonkar9365,"<a href=""https://www.youtube.com/watch?v=jw-hsx2zvfw&amp;t=240"">4:00</a> to <a href=""https://www.youtube.com/watch?v=jw-hsx2zvfw&amp;t=290"">4:50</a> it&#39;s a truth wherever you go",2025-09-07 09:26:35+00:00,
@rohitroy6101,Ssc ke upar bhi ek video bana sakte the sayad ğŸ™ƒ,2025-09-07 09:26:08+00:00,
@priyanshugautam7989,My man got some serious competition,2025-09-07 09:24:36+00:00,
@mrvlog4365,Wow â¤â¤â¤,2025-09-07 09:21:04+00:00,
@strokes_of.creativity,Just amazing yar <br>i think this is the  kind of person<br> when we talk about an educated person <br>education not only means higher educations and degrees from higher and reputed universities <br>but a person with good and revolutionary mindset who can deny stereotypes and can be a problem solver   <br> more educated than some of our politicians alsoğŸ˜‚<br><br> loved to see the videoâ¤,2025-09-07 09:19:35+00:00,
@Great_Guy_11,What a opening ğŸ˜‚ğŸ˜‚,2025-09-07 09:18:22+00:00,
@Shubhambehera-jm7ih,"<a href=""https://www.youtube.com/watch?v=jw-hsx2zvfw&amp;t=876"">14:36</a> cross breeding ğŸ˜‚ğŸ˜‚",2025-09-07 09:18:21+00:00,
@sameermehendiratta2995,Ipo aa raha hai to marketing ho rahi hai,2025-09-07 09:17:58+00:00,
@mohdnadeem2041,Samdish bhai aap yaar awesome ho <br><br><br>awesome,2025-09-07 09:17:43+00:00,
@ragavindsingh5490,Virus wali thought bohot sahin kaha vaccination pehle se krke rkhni chaiye,2025-09-07 09:16:51+00:00,
@nitinkale5906,Very intelligent boy...,2025-09-07 09:13:11+00:00,
@mountains.spiritt,Kya badhiya baat ki jitendra ne,2025-09-07 09:12:39+00:00,
@f.a.r.z.e.e2398,&lt;3,2025-09-07 09:11:22+00:00,
@rishavrishu7258,Now this is content. thank you guys,2025-09-07 09:10:13+00:00,
@buddy-qm2tb,True journalismâ¤,2025-09-07 09:07:56+00:00,
@nishantlodha-rp7cy,Samdhish rocks. funny conversation m gehre question puch lete h,2025-09-07 09:07:54+00:00,
@mainahitohkaunbe,Safe shop is a total fraud. my dad lost his 30k rupees in this scam <br>and not even money he lost his credibility to some of his friends too.<br>they play on your emotions and dream.<br>promise of secure lavish life and which is only for 0.01% people on the top,2025-09-07 09:06:56+00:00,
@Shubhamsharma090,â†³ My mother invest 10k on safeshop and lost it.,2025-09-07 09:43:57+00:00,@mainahitohkaunbe
@Divyanshu-t4n,Such a nice guy with basic valueable knowledge and experience...ğŸ’ğŸ’ğŸ’,2025-09-07 09:05:44+00:00,
@SohamShinde-o8n,I love the into ğŸ˜‚ğŸ˜‚,2025-09-07 09:04:11+00:00,
@anilaboojh,à¤µà¥€à¤¡à¤¿à¤¯à¥‹ à¤”à¤° à¤²à¤‚à¤¬à¤¾ à¤¹à¥‹à¤¨à¤¾ à¤šà¤¾à¤¹à¤¿à¤ à¤¥à¤¾à¥¤ â¤,2025-09-07 09:03:12+00:00,
@sanket7_,"Ipo se pahle marketing shuru, nice one samdish",2025-09-07 09:01:31+00:00,
@Anime__kaand,Bhai great ho tum,2025-09-07 08:59:04+00:00,
@Sunday__Travel,Bohot sahi aadmi ho tum jitendra!,2025-09-07 08:58:37+00:00,
@Devil-00-5,Bhai yai network marketing ke taakat alag he hai mba sai achaa yai seekhna hai.ğŸ˜…ğŸ˜…ğŸ˜…,2025-09-07 08:57:06+00:00,
@anilaboojh,Great one. à¤œà¥€à¤¤à¥‚ à¤­à¤¾à¤ˆ à¤œà¥ˆà¤¸à¥‡ à¤²à¥‹à¤— à¤¹à¥€ à¤…à¤¸à¤²à¥€ à¤­à¤¾à¤°à¤¤ à¤¹à¥ˆà¤‚... à¤¯à¤¹à¥€ à¤¬à¤¨à¤¾à¤¤à¥‡ à¤¹à¥ˆà¤‚ à¤­à¤¾à¤°à¤¤ à¤•à¥‹à¥¤ à¤›à¥‹à¤Ÿà¤¾ à¤•à¥‹à¤ˆ à¤•à¤¾à¤® à¤¨à¤¹à¥€à¤‚ à¤¹à¥ˆ... à¤¯à¤¹à¥€ à¤¬à¤¾à¤¤ à¤…à¤—à¤° à¤¸à¤¬ à¤¸à¤®à¤ à¤²à¥‡à¤‚ à¤¤à¥‹ à¤¯à¥‡ à¤¦à¥‡à¤¶ à¤•à¤¿à¤¤à¤¨à¤¾ à¤¬à¥‡à¤¹à¤¤à¤° à¤¹à¥‹ à¤œà¤¾à¤¯à¥‡à¥¤,2025-09-07 08:56:32+00:00,
@Karankhanna99,ğŸ‰,2025-09-07 08:56:03+00:00,
@varunchaturvedi2792,Kafi kuch dekhne samjhne feel karne  ko milaâ¤ğŸ˜¢,2025-09-07 08:54:57+00:00,
@Iamutsavpandey9893,"<a href=""https://www.youtube.com/watch?v=nkjnvyki6le"">https://youtu.be/nkjnvyki6le?si=csox6cpzdr-y0iwe</a><br><br>sbse bada scam",2025-09-07 08:54:08+00:00,
@syazdanii,"<a href=""https://www.youtube.com/watch?v=jw-hsx2zvfw&amp;t=215"">3:35</a>  the reason why women are rude to gig workers or other men is simple: if women become courteous or friendly with them, men often take it differently. some men even may think of taking advantage in such scenario, especially in the absence of their male guardians/husbands. that&#39;s why women are always recommended to appear strong without showing any vulnerability. if any women show love and courtesy, the same guy would assume that they want to have sex straight away. that&#39;s how most men think, it&#39;s bitter but it&#39;s true.",2025-09-07 08:52:45+00:00,
@Shubhontube,Bhai kisi ko ye rajpal yadav ka duplicate lag raha hai kya,2025-09-07 08:52:15+00:00,
@HARRY-sl7ot,Money can be made with mindset not with dreams. i clearly saw and felt this today,2025-09-07 08:45:45+00:00,
@NidhiSingh-lk8ci,A simple man always give a simple but pure interview,2025-09-07 08:44:26+00:00,
@trendystories3,Idhar ganjha charas chalta hai ?<br>ye khada hai â˜<br>                     iconic dialogue of 2025,2025-09-07 08:44:09+00:00,
@Deter_mi_nation,"<a href=""https://www.youtube.com/watch?v=jw-hsx2zvfw&amp;t=205"">3:25</a> women - reserves themselves from associating from weak men, for a toxic masculine man",2025-09-07 08:38:33+00:00,
@smakader187,Kiya sir aap pure india gun gaya kotiya  aaya te sir aap se milne tha koraput odissa kotiya,2025-09-07 08:38:08+00:00,
@mainahitohkaunbe,â†³ Nahi kotiya nahi aya,2025-09-07 09:23:10+00:00,@smakader187
@Mysangeeet,"<a href=""https://www.youtube.com/watch?v=jw-hsx2zvfw&amp;t=1"">0:01</a> fool nahi phool ğŸ¥ºğŸ˜­ğŸª´à¥¤ kya yeh urban company ki prayojit rahi?",2025-09-07 08:37:02+00:00,
@abhishektiwari8782,What a humble and mature guy ...â¤,2025-09-07 08:35:19+00:00,
@AnkurBahniya,Best,2025-09-07 08:35:16+00:00,
@sanjaykandir9669,Sir punjabi aao â¤,2025-09-07 08:34:14+00:00,
@LongLiveGhostOperators,"In japanese culture men clean their toilets to stay grounded and humble, learn and implement to bring india above this world. pride should be in knowledge of handling the tool, be it a gun, sword or a toilet brush",2025-09-07 08:33:50+00:00,
@Ajit-ladakh,Kya banda he yaar ğŸ«¡,2025-09-07 08:30:47+00:00,
@CS_Learning_Trails,Great interview ğŸ‘Œ,2025-09-07 08:27:18+00:00,
@puggleski6097,"<a href=""https://www.youtube.com/watch?v=jw-hsx2zvfw&amp;t=350"">5:50</a>-<a href=""https://www.youtube.com/watch?v=jw-hsx2zvfw&amp;t=370"">6:10</a> supersize my burger, supersize my coke, supersize my sofa .. hmm. interesting,",2025-09-07 08:26:03+00:00,
@Lakshay-R937,Where is uc,2025-09-07 08:25:21+00:00,
@rahulnairx,The brutal honesty was so refreshing â¤,2025-09-07 08:24:33+00:00,
@kushalmahajan1098,Samdish bhai khana khane ke baad baat karlete,2025-09-07 08:24:28+00:00,
@ShamsherKhan-w9b,Kabhi mere gao mai bhi aayeye bhai,2025-09-07 08:24:16+00:00,
@kasturiswami784,I think you are doing the right thing by meeting ordinary people. great work samdish. be grounded like this always.,2025-09-07 08:23:09+00:00,
@rahulrajveerrajput7933,Jitendra bhai wo sab toh thik hai yarr lekin washroom hi saaf kyun kra bhai aur bhi sare kaam hai utne ak baari apne dada pardadaon ke bare mein socha tha ğŸ˜¢,2025-09-07 08:18:46+00:00,
@kuldeepkishan2585,â†³ Jimmedari...,2025-09-07 08:20:56+00:00,@rahulrajveerrajput7933
@harshmaurya2169,"â†³ You you watched the whole video but still didn&#39;t understand anything,shame on you",2025-09-07 08:31:01+00:00,@rahulrajveerrajput7933
@rahulrajveerrajput7933,â†³ â€‹@@harshmaurya2169tu nhi samjhega bhai,2025-09-07 08:37:28+00:00,@rahulrajveerrajput7933
@rahulrajveerrajput7933,â†³ â€‹@@harshmaurya2169ja tu bhi krle,2025-09-07 08:38:10+00:00,@rahulrajveerrajput7933
@ashwnipandey580,Mja aa gya bhai,2025-09-07 08:18:37+00:00,
@parvindersingh4245,Please cover punjab floods,2025-09-07 08:14:40+00:00,
@Knowledgebyshivshankar,Best person ever seen . ğŸ™,2025-09-07 08:11:55+00:00,
@smartysai8552,Bahut badiya bhai....vaise samdish brand promotion ka tarika thoda casual thağŸ˜‚ğŸ˜‚,2025-09-07 08:11:14+00:00,
@indrajeetsingh2917,The people who moves this country.,2025-09-07 08:10:42+00:00,
@raviranjanlive,Bhai ye pk wala kb daloge video,2025-09-07 08:10:26+00:00,
@RajeshKumar-mj7gs,Mst banda hai,2025-09-07 08:09:36+00:00,
@kelarock,V matured guy,2025-09-07 08:08:59+00:00,
@pfiko,"He has more intellect than the prime minister of this country â€¦ what a nice , honest guy â€¦. hats off to you brother",2025-09-07 08:08:01+00:00,
@lakshitverma3913,Bro actually used word eunuch,2025-09-07 08:06:17+00:00,
@JustHardikparmar,Rajpal yadav....,2025-09-07 08:04:16+00:00,
@PujaYadav-u9s,Such a gentlemanğŸ˜Š,2025-09-07 08:01:40+00:00,
@Umar-tv9iq,Looking like tall version of actor rajpal yadav sir ğŸ˜‚ğŸ˜‚ğŸ˜‚,2025-09-07 08:00:58+00:00,
@mohitnavy,"Life experiences are much more than any formal education , classic exampleğŸ‰ğŸ‰ğŸ‰ğŸ‰",2025-09-07 08:00:42+00:00,
@Levelcrossed,Kya baat hee â¤â¤â¤ better than sourav jhoshi,2025-09-07 08:00:25+00:00,
@027atulyakumar2,"<a href=""https://www.youtube.com/watch?v=jw-hsx2zvfw&amp;t=179"">2:59</a> colonial bureaucrats are biggest hurdle in our countryâ€™s growth, they are experts of nothing but head of everything, bss chori krne aata h inko",2025-09-07 08:00:06+00:00,
@Rohit2kashyap,Jeetu bhai aap à¤•à¤¾à¤«à¥€ à¤¸à¤¿à¤®à¥à¤ªà¤² à¤”à¤° à¤‰à¤šà¥à¤š à¤µà¤¿à¤šà¤¾à¤° à¤µà¤¾à¤²à¥‡ à¤†à¤¦à¤®à¥€ à¤¹à¥‹ à¤…à¤šà¥à¤›à¤¾ à¤²à¤—à¤¤à¤¾ à¤¹à¥ˆà¤‚ à¤à¤¸à¥‡ à¤†à¤¦à¤®à¥€ à¤¸à¥‡ à¤®à¤¿à¤²à¤¨à¤¾,2025-09-07 07:59:43+00:00,
@rahulnairx,Excellent,2025-09-07 07:59:13+00:00,
@nasirrawte6336,He is more sabhya than a well pdha likha....person,2025-09-07 07:57:41+00:00,
@TheRiSiChannel,Aese interviews aur hone chahiye - 1 interview ek celebrity ka uske uquivalent 20 is tarah k hone chahie!,2025-09-07 07:57:22+00:00,
@ritujshrivastav,Yeh interview dekh ke dil khush ho gaya!,2025-09-07 07:57:00+00:00,
@-G-h_o.s.t,Iski aawaz kanhiya kumar kyy jaysi hy,2025-09-07 07:55:54+00:00,
@JaideepPatrika,Good mindset â¤,2025-09-07 07:50:42+00:00,
@techsparrow6277,Bhai ekh baar karnataka avona.,2025-09-07 07:49:17+00:00,
@SagarVishwa21,"Very well spoken, well articulated guyğŸ‰",2025-09-07 07:49:02+00:00,
@kotaroooooooooooooooooo,Peak videos as usual. we really need these kinds of covos.,2025-09-07 07:49:00+00:00,
@rooftopmunda,"<a href=""https://www.youtube.com/watch?v=jw-hsx2zvfw&amp;t=730"">12:10</a> - bhai mai bhi chote sheher se hu aur lagbhag aap jitna hi kamata hu par ghar se hi kaam hai par aap ne jo ye baat boli hai, uske liye salute ğŸ™ğŸ»ğŸ™ğŸ»ğŸ™ğŸ»",2025-09-07 07:46:57+00:00,
@thethinkerofficial001,â†³ Which job bro?,2025-09-07 07:54:22+00:00,@rooftopmunda
@godoobi,"<a href=""https://www.youtube.com/watch?v=jw-hsx2zvfw&amp;t=6"">0:06</a> à¤­à¥ˆà¤‚à¤¸ ka gobar aayaaaaaaa hai, modi ko à¤–à¤¿à¤²à¤¾à¤¯à¤¾ hai",2025-09-07 07:44:50+00:00,
@VRHustlers,"Soch wahi jo nazariya badal de,<br>â¤ u bro &quot;",2025-09-07 07:43:48+00:00,
@kamlendra20,"@<a href=""https://www.youtube.com/watch?v=jw-hsx2zvfw&amp;t=660"">11:00</a> aloo aur lauki me fharak haha",2025-09-07 07:41:05+00:00,
@Geniustv-e9p,â¤â¤â¤,2025-09-07 07:40:36+00:00,
@arhat_me,Fool nahin phool,2025-09-07 07:39:50+00:00,
@rudramaurya9059,Good work buddy,2025-09-07 07:39:46+00:00,
@raghuflute,Are makhiya mujhe hi irritate kr rh hai kya ?,2025-09-07 07:38:36+00:00,
@mainahitohkaunbe,â†³ Nahin mujhe bhi ğŸ˜­,2025-09-07 09:24:07+00:00,@raghuflute
@anmolkumar2940,Are yaar prashant kishor ka release karo,2025-09-07 07:36:11+00:00,
@ashishvnamge,Bhai issa hi interview kiya <br>any special reason?,2025-09-07 07:33:48+00:00,
@boardmaster7,Waiting for pk ğŸ˜¢ğŸ’› my patience ğŸ˜,2025-09-07 07:32:26+00:00,
@alokpal5460,"Bhai ki &quot;network marketing&quot; ki skills, abhi bhi eski baat karne ki skill me dikh rha haiğŸ˜…ğŸ˜…",2025-09-07 07:31:37+00:00,
@rajputsarkar7122,â†³ ğŸ˜‚ğŸ˜‚,2025-09-08 10:40:20+00:00,@alokpal5460
@kangg-j2o,"Bindaas banda, mza a gyaâ¤",2025-09-07 07:30:33+00:00,
@parassavaliya4436,Rajpal yadav 2.0,2025-09-07 07:30:04+00:00,
@sapnasharma-fr5qx,Iski job jaayegi urbanclap parğŸ˜¢,2025-09-07 07:29:32+00:00,
@manishroti,Samdish ravish kumar in making,2025-09-07 07:28:17+00:00,
@themadmonk3962,He looks like rajpal yadav ğŸ˜…,2025-09-07 07:27:36+00:00,
@MythosUnveiledYT,Thakur bhai ko respect â¤,2025-09-07 07:27:16+00:00,
@SudhanshuSingh-g9j,"<a href=""https://www.youtube.com/watch?v=jw-hsx2zvfw&amp;t=1265"">21:05</a> it&#39;s law nature, from whom you are getting something you will be lenient towards them and extreme towards others. it&#39;s story every gig platforms",2025-09-07 07:27:03+00:00,
@shauryasharma9523,Bro conversed better than most city folks,2025-09-07 07:26:41+00:00,
@ctrltheory6070,Company thoda dhang se treat karna chahiye apne logo koğŸ˜¢,2025-09-07 07:26:31+00:00,
@rajveerchoudhry8362,Salute to samdish bhaiğŸ‰ğŸ‰ğŸ‰ğŸ‰ğŸ‰ğŸ‰.......,2025-09-07 07:24:57+00:00,
@aparnatiwari9237,Samdish sir mera gao yha se bas thodi dur tha. kash aap yha bhi aa pate ğŸ˜­ğŸ˜­,2025-09-07 07:24:12+00:00,
@karanchoudhary757,So much love for you samdish... your videos are so authentic and grounded â¤,2025-09-07 07:24:12+00:00,
@Sanatani001c9h,Khane ko daak do bhai,2025-09-07 07:23:59+00:00,
@manishkumar-gc8gx,Samdish bhai wo apse chota hai ap usse tu kar ke baat kr skte hai hme apki niyat me sak nhi hai lekin fir bhi apko es bande se tu kr ke baat nhi karni chahiye,2025-09-07 07:23:56+00:00,
@SakeenaAhmed-zx3iq,Mjaa hi aagya smbdish sir â¤â¤ whenever your video uploaded it gives us energy at top level really â¤â¤,2025-09-07 07:21:41+00:00,
@thetriloktomar,Lovedd itt â¤,2025-09-07 07:21:04+00:00,
@VijaySharma-po7yq,Ladieees,2025-09-07 07:20:48+00:00,
@manishroti,Maja aa gaya ğŸ˜…ğŸ˜…,2025-09-07 07:19:01+00:00,
@Rjudhdjejej,Cross breedingğŸ˜‚ğŸ˜‚,2025-09-07 07:18:53+00:00,
@rajatjain9215,Amazing ğŸ™ great person,2025-09-07 07:18:06+00:00,
@SauravKumar-rq9od,"Shamsdish bhai,this is what is called journolism....kudos â¤",2025-09-07 07:16:20+00:00,
@farhanlabib3349,Content&gt;&gt;&gt;&gt;&gt;&gt;&gt;,2025-09-07 07:16:08+00:00,
@user-cr9fu8kv9f,1.5l sach mai kama raha hai per month tho bhi gareeb kyu hai <br>2 ya 3 sal se ye kam kar raha hai na,2025-09-07 07:15:07+00:00,
@GamingWithPower1317,That&#39;s called a man of respect!,2025-09-07 07:14:49+00:00,
@navisandhu6911,Cover punjab floods,2025-09-07 07:10:38+00:00,
@mdmunazir786,Salam hai is bhai ko â¤â¤<br>waiting for interview with prashant kishor âœ…âœ…,2025-09-07 07:08:57+00:00,
@nishant319,Ye channel ka name itna bada kyun raakh diya.. koi dekhega tho fake channel hoga samaj k skip maar dega vai,2025-09-07 07:06:49+00:00,
@pinkisarkar9556,Salute for the mindset.,2025-09-07 07:06:24+00:00,
@ahmedazharuddin1274,Bhai app chunav kyse krte hai aadmi ka,2025-09-07 07:05:30+00:00,
@karmabok,Samdish bro you&#39;re great man â¤,2025-09-07 07:03:46+00:00,
@loveisblind1115,à¤•à¥à¤°à¥‰à¤¸ à¤¬à¥à¤°à¤¿à¤¡à¤¿à¤‚à¤— ğŸ˜‚ğŸ˜‚,2025-09-07 07:03:17+00:00,
@priyankadeb189,â¤,2025-09-07 07:03:12+00:00,
@VikasDadhich01,Samdish bhaiya shirt link pleaseeeeeeeğŸ˜ŠğŸ˜›,2025-09-07 07:02:53+00:00,
@cricket_videos05,"He said ki auratein tu karke bhi bolti hain, and then samdish did the same ... not cool !!",2025-09-07 07:02:27+00:00,
@iamsarcastic8136,He might be less educated without degree or certificate but he is a good man,2025-09-07 07:02:23+00:00,
@PandyaParam,Person has a vibe and maturity,2025-09-07 07:02:08+00:00,
@princeraj3390,Intercast âŒ<br>cross-breeding âœ…,2025-09-07 07:01:38+00:00,
@RiteshSingh-ur9dm,â†³ Exactly ğŸ˜‚,2025-09-07 07:12:25+00:00,@princeraj3390
@laxmankumarsah320,Mind-blowing,2025-09-07 07:01:34+00:00,
@latestsongandtrailer1778,Jawani ka rajpal yadav lag rha h,2025-09-07 07:01:15+00:00,
@broda-man1426,Waah bdsk waah.. prashant kishore ki interview nehi dalega pr yeeh daal raha hain.,2025-09-07 06:59:50+00:00,
@halligugu,Nice to put out human stories like these,2025-09-07 06:59:45+00:00,
@FunwithAk-wv7wp,Bhai k gana,2025-09-07 06:59:34+00:00,
@Mahorir,Ipo ka preperation ho raha hai,2025-09-07 06:56:59+00:00,
@pagaldil4642,Thanks for sharing,2025-09-07 06:55:26+00:00,
@naziask2244,"My mother nvr allowed servants to clean bathrooms. she advised us k ye tumhari gandagi hai tumko hi saaf karni hai. not that we couldn&#39;t afford, we had servants for almost all things.",2025-09-07 06:55:16+00:00,
@opchimus_prime,Unka mic thoda uppar lagwa dete samdish bhaiya,2025-09-07 06:53:23+00:00,
@helloui37,"<a href=""https://www.youtube.com/watch?v=jw-hsx2zvfw&amp;t=231"">3:51</a> its not bcoz of gender - in reality zyadatar gharo mai gents bahar kamate hai they have faced society bad things toh vo kabhi kisi aur se fir nahi karte",2025-09-07 06:52:11+00:00,
@BlissBlooded,"Lmk if he&#39;s willin&#39; to work in gujjuland, we might provide with an offer to work with us for such a good soul. it would be our pleasure she such humans can strive and plug their way out, that he can help his fam&#39; n make self-reliant, capable and self-sufficient. we need such trust worth souls can offer 5.8lpa fix for his caliber, and we have multiple role to offer which should be suitable for his competency. let him know to find me email in me profile.",2025-09-07 06:50:59+00:00,
@Elite_learnerPOV,Damnn.... as a fellow rajput from rajasthan... jitendra brother you are a legend and taking a responsibility for a family and working on it.. makes you a man ğŸ’—ğŸ”¥.... rajput cleaning ka kaam bhi ita aacha kiya ki kaam ko bada bna diya â¤... kuch toh alag h aapne samdish bhai interview lene aa gye or aapne mehmaan nawazi bhi badiya krne ki koshish ki samdhish bhai ki â¤.. kudos to you brother ğŸ‘Œ...quite inspiring â¤,2025-09-07 06:50:22+00:00,
@catchingfacts,"Bhai, itna late video kyon dalte ho? bahut intzaar karna padta hai.",2025-09-07 06:47:46+00:00,
@IamShashankMishra,Only former network marketing guy can handle samdish like this way.. ğŸ—¿,2025-09-07 06:46:59+00:00,
@shikhasingh9137,â†³ ğŸ˜‚ğŸ˜‚,2025-09-07 10:37:15+00:00,@IamShashankMishra
@MaximusSeneior,â†³ FrğŸ˜‚ğŸ˜‚,2025-09-07 13:13:17+00:00,@IamShashankMishra
@VeeTee1899,"â†³ Sade no baje aa zana, btw he lives near my farm house and poultry farm",2025-09-07 14:14:37+00:00,@IamShashankMishra
@Jack_Sparrow007,â†³ â€‹@@veetee1899agar zindagi me kuch bada krna h to,2025-09-08 03:47:01+00:00,@IamShashankMishra
@ChoudharyKD0,What an amazing personality this guy hold. its just great!,2025-09-07 06:46:06+00:00,
@arjunsaibo,"Bhai please meet my friend superstar mr. md nur from kranti, jalapaiguri",2025-09-07 06:45:54+00:00,
@priyank8254,Best thing i watched today ğŸ™‡,2025-09-07 06:45:41+00:00,
@AnuragTripathi-r7i,Cant wait for people who defend 10 min apps  to quote this video people,2025-09-07 06:45:39+00:00,
@Quickcric07,Abhi duniya ki mansikta bdlne me 40-50 saal lgege .chahe vo casteism ho ya religion . ya cross cast breeding merriage ho,2025-09-07 06:45:31+00:00,
@anshumannnnnnn,Opening shotğŸ˜‚â¤,2025-09-07 06:40:47+00:00,
@Rjju_phoyography,Bhai main aadha interview chhodkar yah comment kar raha hu<br>aap log interview kar rahe ho ki makkhi bhaga rahe hoğŸ˜‚ğŸ˜‚ğŸ˜‚ğŸ˜‚,2025-09-07 06:40:33+00:00,
@RanagrewalTV,Expecting a khoj on panjab floods,2025-09-07 06:40:29+00:00,
@SoumyaParida-r4o,"Bhai samdhish, tu na karke app karke baat karlete to achha hota. continue doing the good work.",2025-09-07 06:40:16+00:00,
@dhruvmanani3016,â†³ He is talking about this because women do too much nitpicking compared to men.,2025-09-07 07:47:30+00:00,@SoumyaParida-r4o
@indrajeetsingh2917,â†³ Heâ€™s from delhi so it comes naturally to him,2025-09-07 08:20:54+00:00,@SoumyaParida-r4o
@BlissBlooded,"<a href=""https://www.youtube.com/watch?v=jw-hsx2zvfw&amp;t=823"">13:43</a> such a sweetie dude.",2025-09-07 06:39:22+00:00,
@rahulyadav____4519,The way he talks and explain the situations such a great job â¤ï¸,2025-09-07 06:39:01+00:00,
@raianmol1111,Jab itni makhhi lag rahi hai tab jaldi jaldi sab kha k khtm q nhi kar dete bas rakhe hue hai ar pankha jhal rahe hai,2025-09-07 06:38:52+00:00,
@awellwisherAswinPriyadarsan,Beautiful bhaiya â¤,2025-09-07 06:38:48+00:00,
@AmitYadav-e4r2w,Very very very talented guy â¤â¤â¤â¤â¤ğŸ˜Š,2025-09-07 06:38:14+00:00,
@richhpalsingh7168,"As a fellow rajput from rajasthan, very proud of you jitendrağŸ”¥ great mindset and hardworking, much respect!",2025-09-07 06:38:12+00:00,
@mygoalismylife7990,â†³ Not need to add your caste....,2025-09-07 07:46:02+00:00,@richhpalsingh7168
@richhpalsingh7168,"â†³ â @@mygoalismylife7990 bro/sis, i added caste to make people know that we as a community dont think that this is bad or anything that is looked down upon, really inspiring it is! dont take it negatively! good dayğŸ™‚",2025-09-07 07:59:31+00:00,@richhpalsingh7168
@mygoalismylife7990,â†³ â€‹â€‹@@richhpalsingh7168 ohh .... i hadn&#39;t seen the entire video... i&#39;m sorry ğŸ˜…<br>have a good day ğŸ‘,2025-09-07 08:03:41+00:00,@richhpalsingh7168
@Deepanshyu,â†³ @@mygoalismylife7990 ğŸ˜‘,2025-09-07 09:06:32+00:00,@richhpalsingh7168
@t.brahma2645,â†³ Caste ğŸ˜‚ğŸ˜‚ğŸ˜‚ğŸ˜‚ğŸ˜‚ğŸ˜‚ğŸ˜‚ğŸ˜‚,2025-09-07 13:52:35+00:00,@richhpalsingh7168
@BlissBlooded,"Bruvva, i didn&#39;t expect him to have such rational n intellect to have such profound views <a href=""https://www.youtube.com/watch?v=jw-hsx2zvfw&amp;t=739"">12:19</a> to <a href=""https://www.youtube.com/watch?v=jw-hsx2zvfw&amp;t=742"">12:22</a>. i wish upon more wise muse to &#39;em souls with fertile minds.",2025-09-07 06:36:53+00:00,
@Blushnsparkle,Jeetu- what a guy!! â¤,2025-09-07 06:36:24+00:00,
@ArtistRajendraBishnoi,â¤,2025-09-07 06:35:14+00:00,
@optimist-naitik,&quot;koi kaam chota ya bada nahi hota&quot; or jis kam se aap lagbhag 14k$ a year gdp me contribute kar rhe ho wo to bilkul bhi chota nahi hai â¤,2025-09-07 06:35:07+00:00,
@raushankumar-gj3ec,Saurabh sukla bala ka prime hi rakhoge kya,2025-09-07 06:34:24+00:00,
@DarthVadal,Badhiyaaa,2025-09-07 06:33:52+00:00,
@bigbodd47,"Aane de makhhi chhod na yaar, thatâ€™s what makes samdish a star.",2025-09-07 06:33:50+00:00,
@pareshpadhi2454,â†³ Ye to rhyme ho gaya!!!,2025-09-07 10:11:43+00:00,@bigbodd47
@thetraveler8045,Video open thoda casual hai ğŸ˜…,2025-09-07 06:31:50+00:00,
@ThEjOkEr6510_,"Thank you for this great video samdish sir. jitendra sir is a great person, people like him will bring society forward. i would also like for you to make a video on the rajdhani app workers union that organizes gig workers like jitendra. it is affiliated to citu. gig worker exploitation is not talked about enough in india. people like you are bringing it into the mainstream. thank you!!!!",2025-09-07 06:30:25+00:00,
@nishanz,You are the best bro. love you man,2025-09-07 06:30:02+00:00,
@Anshikaa_729,Hatts off to you sir ğŸ™ğŸ™ğŸ’¯,2025-09-07 06:29:23+00:00,
@sanket0505,Nice interview,2025-09-07 06:27:24+00:00,
@JayShah_01,Jeetu bhaiya is the real gentleman,2025-09-07 06:26:04+00:00,
@ds4576-z,"That zoom shot  at <a href=""https://www.youtube.com/watch?v=jw-hsx2zvfw&amp;t=66"">1:06</a> of glass where makhis are going in it, truly depicting the hygienic condition of rural india implicitly. i know most of viewers got irked watching this scene.",2025-09-07 06:24:50+00:00,
@the_arnavz3281,What a young smart lad!!!,2025-09-07 06:22:55+00:00,
@the_arnavz3281,Damn this guy is articulate,2025-09-07 06:22:17+00:00,
@AkashPachpille-gs6lw,Hume lga kapil sharma ke show mai gye ho to bhart ko bhul jaoge ğŸ˜Š,2025-09-07 06:22:04+00:00,
@Suryansh_Sharma,Good topic bhai,2025-09-07 06:19:42+00:00,
@oyeitshaurya,Sir aap kabhi mera bhi interview lijiye mai aapko apne pure area ki halat batana chahta hu ğŸ™ğŸ™,2025-09-07 06:19:41+00:00,
@souravdhara3907,"Nice,",2025-09-07 06:19:16+00:00,
@aatirarshad,"Khud gaali sun kar urban company me kaam kiya , taana suna gaaon ka lekin musalmano ke yahan khayenge nhi piyenge nhi, dimagi keede ki koi limit nhi. <br><br>all the best for his future â¤ï¸, kaam to mehnat se kar raha aor jaati se bahar maane jaana wala kaam kar raha",2025-09-07 06:19:16+00:00,
@fight-for-right-till-die,"Can you raise my voice too?????! iam singally fighting against my mnnit college <a href=""https://www.youtube.com/watch?v=jzj3jpo0cbg"">https://youtu.be/jzj3jpo0cbg?si=3eehv5ixppppqnae</a>",2025-09-07 06:19:08+00:00,
@jnyahere,Such a great guy,2025-09-07 06:18:51+00:00,
@ASpaced,A different take on the thumbnail. a large part of gig workers aren&#39;t earning 1.5 lakhs. the thumbnail may whitewash their struggle with a perception for the rest of the country that everything is okay with gig workers. which is not the case and they&#39;re fighting hard for their rights.,2025-09-07 06:16:53+00:00,
@nishant4262,â†³ But is better than suited booted cushy jobsğŸ˜®,2025-09-07 16:27:34+00:00,@ASpaced
@lordAyu123,How well spoken this guy is... with a fresh mindset and a good knowledge over many aspectğŸ‘,2025-09-07 06:16:35+00:00,
@Jesuscampvictim,â†³ The sweet indians,2025-09-07 06:40:55+00:00,@lordAyu123
@MaximusSeneior,â†³ Network marketing,2025-09-07 13:18:27+00:00,@lordAyu123
@RishabhVerma-ep9fy,Ese video jb aate hai to samaaj mein logo ka demaag khulta hai thoda. great job broda,2025-09-07 06:15:42+00:00,
@MandeepSingh-qk7ju,Punjab 95 movie ko censor board ne certificate dene se mana kar diya hai . freedom of expression in india par video banao â¤â¤ğŸ‘ğŸ½,2025-09-07 06:15:23+00:00,
@khemaff1-9ww,Happy birthday samdish. god bless you,2025-09-07 06:15:00+00:00,
@baalah7,Koshish karne walo ki haar nahi hoti ğŸ’¯ <br>jitendra kumar ğŸ«¡ matter ko suljana <br><br>kudos @unfilteredbysamdish ğŸ™Œ true content,2025-09-07 06:14:50+00:00,
@oyeshikamaru,Jst a man n his responsibilitiesâ¤,2025-09-07 06:14:20+00:00,
@saikiranrao194,"Bilkul sahi bhaii , ladkion main hi zyada ego hota he generally ğŸ˜‚ğŸ˜‚ğŸ˜‚",2025-09-07 06:13:38+00:00,
@sureshbairwa8962,Love u bhai u are amazing â¤â¤,2025-09-07 06:11:47+00:00,
@djr3386,I can see the actor mr. rajpal yadav playing the role of mr. jitendra in a movie.,2025-09-07 06:09:33+00:00,
@sandeepprashar4300,â†³ Rajpal yadav teenage mein esa hi raha hoga ğŸ˜ŠğŸ˜Š,2025-09-07 14:21:30+00:00,@djr3386
@Radio_dr24,â†³ In which movie?,2025-09-07 17:38:56+00:00,@djr3386
@GauravPal-m9m,â†³ Bhai baat to sahi âœ…ğŸ’¯ hai but bhai batao ki aapme ek no  1  kalakar hai â¤â¤ğŸŒ¹ pr batao uskoâ¤ğŸ˜Š,2025-09-08 09:23:58+00:00,@djr3386
@zubersheikh3900,Banda network marketing ka to lagta hi he bato pe se,2025-09-07 06:09:27+00:00,
@questifyv,The way he says ye apna h âœ¨ï¸âœ¨ï¸,2025-09-07 06:09:15+00:00,
@abhishekbhardwaj4357,Bro having life knowledge more than phd holders,2025-09-07 06:08:43+00:00,
@srinivasnakka4960,Bhai ap o kayengi nahi tho andhar rakhona kitna dher makki ko rukegiğŸ˜‚,2025-09-07 06:08:36+00:00,
@bhimkumar4292,Ye to sandar aadmi hai guruâ¤â¤,2025-09-07 06:07:40+00:00,
@TenzingThapz-ct8pc,"Very positive, very nice clip. never give up",2025-09-07 06:07:36+00:00,
@VivekKumar-zr5rd,Start ke video me sound me maza nahi a raha.. intro me sound accha lagao,2025-09-07 06:06:34+00:00,
@1-9-MIX,Aise hi interviews kiya kro. like &#39;loose talk&#39;<br>but not satirical.,2025-09-07 06:06:28+00:00,
@irfanbhat3936,So smart and motivated person â¤,2025-09-07 06:05:28+00:00,
@DOPAMINEmeDobba,How did you find these kind of amazing people..,2025-09-07 06:04:47+00:00,
@Ayushhmahesh,That man is teen taaliyaa...... hawaa chalegi to lagegiğŸ‰,2025-09-07 06:02:55+00:00,
@vipingoswami2897,â†³ Jai ho,2025-09-07 06:27:53+00:00,@Ayushhmahesh
@vipulfulara325,â†³ Jai ho jai ho jai ho,2025-09-07 07:02:16+00:00,@Ayushhmahesh
@nikitavaishnaw9044,â†³ Civil me pehchan nai rehe ho kya,2025-09-07 08:11:00+00:00,@Ayushhmahesh
@Ayushhmahesh,â†³ â€‹â€‹@@nikitavaishnaw9044salute to officer of tt staffğŸ«¡ğŸ«¡ğŸ«¡<br><br>ğŸ¤£ğŸ¤£ğŸ¤£,2025-09-07 08:14:24+00:00,@Ayushhmahesh
@kombat4716,â†³ Staff hai bhai,2025-09-07 09:48:42+00:00,@Ayushhmahesh
@shabsdenen,Gents ke sath males male ego aur ucchi tone me baat nhi karte.<br>but that might be a bias coming from the society.<br><br>he is surely an intelligent person though.<br><br>salute to samdhish for such reporting.,2025-09-07 06:02:49+00:00,
@abhinaysaini2593,"â†³ Bina puri information k male ko hi blame kr dia, kyuki female to intentionally noble hainğŸ˜‚",2025-09-07 09:14:02+00:00,@shabsdenen
@chandracpsi3286,â¤â¤â¤,2025-09-07 06:02:33+00:00,
@1-9-MIX,Urban company ka ipo bhi aa rha hai. kya timing baitha/bithaya.,2025-09-07 06:02:31+00:00,
@aminjee2000,Real folks,2025-09-07 06:00:48+00:00,
@TenzingThapz-ct8pc,Urban starâ¤â¤â¤â¤â¤,2025-09-07 06:00:19+00:00,
@iam_lohit,These are the people who make india!,2025-09-07 05:59:04+00:00,
@Jesuscampvictim,â†³ The real india,2025-09-07 06:38:29+00:00,@iam_lohit
@lonebear31,â†³ True indiansâ¤,2025-09-07 09:13:15+00:00,@iam_lohit
@rishabhmalikk7550,â†³ Man of principles,2025-09-07 10:08:56+00:00,@iam_lohit
@arunsemwal7207,â†³ Yes,2025-09-07 11:14:08+00:00,@iam_lohit
@oyeitshaurya,Bhai yrr video bahut badhiya banata ho ğŸ™‹ğŸ™‹ğŸ™‹,2025-09-07 05:58:31+00:00,
@milanmishra309,â¤â¤â¤,2025-09-07 05:58:28+00:00,
@arpitdubey5938,What a well spoken person he is.,2025-09-07 05:58:18+00:00,
@akshaysawai49,Bande me h dum. nice episode,2025-09-07 05:57:10+00:00,
@rinkeshranjan4352,&quot;kaam koi chota bada nahi hota &quot; best line by urban star ğŸ‘ŒğŸ»ğŸ‘ŒğŸ»ğŸ‘ŒğŸ»ğŸ‘ŒğŸ»,2025-09-07 05:55:44+00:00,
@Akash-fw8gf,â†³ Kam chota bada hota hai<br>lekin usse aadmi chota bada nahi hota,2025-09-07 06:08:04+00:00,@rinkeshranjan4352
@Jesuscampvictim,â†³ Bas kamai choti badi hoti hai,2025-09-07 06:38:11+00:00,@rinkeshranjan4352
@AmanSinghAmmy,â†³ Me mohali me software engineer tha 1 saal pehle with salary 22k but work load itna tha k 9 to 5pm tk toh km krte he the lekin 5 to 10pm tk bhi woh log whatsapp calls aur messages p dimag kharab jate the bht stress rehta tha fr mene uber me car chalana start kiya now i earn around 45k to 50k per month sare expenses nikal k family and relatives ne bola k ab driver bn gya but i don&#39;t care mere ghr k kharche woh thodi nikal k de rhe h me jha comfertable hu krunga koi driver bole ya respect na de farak ni pdta.,2025-09-07 07:56:44+00:00,@rinkeshranjan4352
@rinkeshranjan4352,â†³ â€‹@@amansinghammy true bhai..........at end of the day you are facing all these problems no one is coming to help you.........,2025-09-07 08:15:58+00:00,@rinkeshranjan4352
@MK-wi9hf,"â†³ â€‹@@rinkeshranjan4352 achchha hamein sikha riya hai &quot;kaam koi chhota bada nhi hota&quot;.â€¦... baamano, jhaatputo ya baniyon ki aulade karengi ye kaam???<br>vaisey.. tu kaun jaat hai bey?",2025-09-07 09:58:36+00:00,@rinkeshranjan4352
@Chauhanji22.0,Maja aa gya bhai ğŸ‰,2025-09-07 05:55:44+00:00,
@nirmalrajput439,@samdish wow!!! i have no words...,2025-09-07 05:54:41+00:00,
@prateeksinghtomar2582,â¤,2025-09-07 05:52:48+00:00,
@allwayspositive8359,Very mature person at this age,2025-09-07 05:52:25+00:00,
@Elite_learnerPOV,Legend h bro ye ğŸ˜‚â¤,2025-09-07 05:51:53+00:00,
@reeturaj1397,"Love ur actual local indians interviews, politicians interview can&#39;t match this standard.",2025-09-07 05:51:03+00:00,
@agkol92,Loved this conversation. beautiful. â¤,2025-09-07 05:50:43+00:00,
@a.d8221,Two india,2025-09-07 05:50:11+00:00,
@KK-tn2zb,We found our future pm. after chaiwala its now bathroomwala. welcome pm sahab,2025-09-07 05:49:31+00:00,
@famous_line1,Nice interview bhaiâ¤,2025-09-07 05:49:30+00:00,
@mansee6023,"Incredible work! aapke videos se desh ke kone kone ko dekh paa rahe hain hum ghar baithke, ek alag hi perspective milta hai! thank you ğŸ™",2025-09-07 05:48:06+00:00,
@114ankitasingh6,Bhaiya kitne cute aur positive hğŸ˜Šâ¤,2025-09-07 05:47:20+00:00,
@Sup_83_43_1,Wtf is cross breeding ğŸ’€,2025-09-07 05:45:48+00:00,
@akshayolo,Who all can â€˜feelâ€™ the makhi through the video ğŸ˜‚ | amazing articulation of thoughts by him though,2025-09-07 05:43:07+00:00,
@ds4576-z,"â†³ Yes and that zoom shot  at <a href=""https://www.youtube.com/watch?v=jw-hsx2zvfw&amp;t=66"">1:06</a> of glass where makhis are going in it, truly depicting the hygienic condition of rural india implicitly. i know most of viewers got irked watching this scene.",2025-09-07 06:23:46+00:00,@akshayolo
@akemrelax9762,"Thanks for interviewing people of all backgrounds, especially the working class of the country!",2025-09-07 05:38:52+00:00,
@Jesuscampvictim,â†³ The real working class<br>those who grow up from nothing to something <br>btw ek line yaad aayi<br>&quot; jaati kabhi nahi jaati &quot;,2025-09-07 06:40:15+00:00,@akemrelax9762
@allwayspositive8359,Bhai ab jaldi se makaan accha kar ko apni hygiene par dhyaan do taki aapki family acchi rhe.<br><br>great and respect you.,2025-09-07 05:38:49+00:00,
@Vashishtmaths,"&quot;hello sir, please come and see the condition of flood-affected himachal. at this time, himachalâ€”especially kullu and mandi districtsâ€”needs a content creator like you.&quot;",2025-09-07 05:38:35+00:00,
@WhitebaaghFuntoons,Samdish bhai comment-omment nhi dekhte kyağŸ˜…,2025-09-07 05:37:07+00:00,
@VivekYadav-n2e,Kabhi faizabad ke gao me bhi aao sir,2025-09-07 05:36:49+00:00,
@raihan_commerce,Samdish you did a very good job,2025-09-07 05:36:15+00:00,
@Notbadjattz,Bhai punjab visit,2025-09-07 05:36:00+00:00,
@Sam.Ray1974,Come to bhopal i&#39;ll host you and we&#39;ll do something meaningful,2025-09-07 05:35:38+00:00,
@vikkygaur69,"Bro said ,aurto ke addat hai ungli krna",2025-09-07 05:35:29+00:00,
@Elite_learnerPOV,Samdhish bhai clip ki meme bna du toh copyright toh nhi donge naa??,2025-09-07 05:35:26+00:00,
@KaranPanday-ve4sv,Modi jee may apko polish station me case kar diya ya h aab aap jail jao geğŸ•³ï¸,2025-09-07 05:35:25+00:00,
@H-ETCHEM-M,Love these more than the celeb interviews. real slices of lives you bring us.,2025-09-07 05:35:21+00:00,
@Azhar_788,Ya lo fir aagya,2025-09-07 05:34:56+00:00,
@AmanVerma-u3m3t,Bhaiya ek vdo me indian football team u-17 ke uper bhi banao <br>team ki support ke liye financial support ke liye <br>sarkar ko batane ke liye <br>ğŸ˜Š,2025-09-07 05:33:53+00:00,
@viralfact_world,"Your videos donâ€™t just inform, they inspire. you bring out the real stories of india and present them so beautifully.... ğŸ™ŒğŸ™Œ",2025-09-07 05:33:22+00:00,
@Jesuscampvictim,â†³ Rightly said,2025-09-07 06:38:52+00:00,@viralfact_world
@Krishna_edit420,Bro loved by all generation â¤,2025-09-07 05:32:55+00:00,
@dhairyagoel8907,Bhai podcast kab daloge and bihar election b cover kro,2025-09-07 05:32:38+00:00,
@Informativebaba447,Samdish apka kaam bahot behtareen hai bhai delhi me kaha rehte ho milne ka man hai apse ek baar...ho sake to bata dena.,2025-09-07 05:32:29+00:00,
@Experimentswithaftab,It all depends upon mindset and perspective and how you percieve things....rest is history ğŸ”¥,2025-09-07 05:32:14+00:00,
@09harmanism,5th,2025-09-07 05:32:01+00:00,
@Tejasvidev377,"Waah samdish bhai sunday ko upload kara, bhut badhiya kara aapne â¤",2025-09-07 05:32:00+00:00,
@harikeshkumarsaxena8145,â¤,2025-09-07 05:31:50+00:00,
@Goptr_IS_ON,Thank bro for true journalism huge respect for everyone watching uâ¤,2025-09-07 05:31:45+00:00,
@PACIFIC-is-RELATABLE,â†³ Likewise.,2025-09-07 08:48:07+00:00,@Goptr_IS_ON
@parthsolanki2474,Prashant kishor one more bihar special or modi ji ho sake to ek vo ğŸŒš,2025-09-07 05:31:45+00:00,
@RoamingExplorer1992,First comment <br>thanks for 2k likes,2025-09-07 05:31:39+00:00,
@piyushsuryawanshi7679,â†³ Is the first comment considered as an achievement?,2025-09-07 05:37:29+00:00,@RoamingExplorer1992
@WhitebaaghFuntoons,â†³ Where is 2k broğŸ˜… but thanks for thanks,2025-09-07 05:40:41+00:00,@RoamingExplorer1992
@WhitebaaghFuntoons,â†³ Chal bhai mai support krta hoon terağŸ˜Š,2025-09-07 05:41:45+00:00,@RoamingExplorer1992
@arunkumar4359,Bhaiya super,2025-09-07 05:31:31+00:00,
@sukhchouhan4991,Paji punjab bhi ka aao ab tu dekh lo flood ka kya hall hai ji please ğŸ™,2025-09-07 05:31:30+00:00,
@nardeepsoni3633,3rd view,2025-09-07 05:31:18+00:00,
@vikkygaur69,Hlo sir....,2025-09-07 05:30:59+00:00,
@pawanmoolwani,Wow,2025-09-07 05:30:55+00:00,
@rudrakshloona320,FirstğŸ˜,2025-09-07 05:30:55+00:00,
